country_abrv,rank,country_full,total_points,previous_points,rank_change,confederation,rank_date
GER,1,Germany,57.0,0.0,0,UEFA,31/12/1992
RSA,124,South Africa,5.0,0.0,0,CAF,31/12/1992
BRA,3,Brazil,56.0,0.0,0,CONMEBOL,31/12/1992
RUS,8,Russia,52.0,0.0,0,UEFA,31/12/1992
RSA,109,South Africa,11.0,5.0,-15,CAF,08/08/1993
GER,1,Germany,58.0,57.0,0,UEFA,08/08/1993
RUS,7,Russia,55.0,52.0,-1,UEFA,08/08/1993
BRA,8,Brazil,54.0,56.0,5,CONMEBOL,08/08/1993
BRA,1,Brazil,59.0,54.0,-7,CONMEBOL,23/09/1993
RSA,95,South Africa,16.0,11.0,-14,CAF,23/09/1993
GER,5,Germany,56.0,58.0,4,UEFA,23/09/1993
RUS,8,Russia,55.0,55.0,1,UEFA,23/09/1993
RUS,11,Russia,55.0,55.0,3,UEFA,22/10/1993
GER,4,Germany,58.0,56.0,-1,UEFA,22/10/1993
BRA,1,Brazil,59.0,59.0,0,CONMEBOL,22/10/1993
RSA,95,South Africa,15.0,16.0,0,CAF,22/10/1993
RSA,96,South Africa,15.0,15.0,1,CAF,19/11/1993
GER,3,Germany,59.0,58.0,-1,UEFA,19/11/1993
BRA,4,Brazil,58.0,59.0,3,CONMEBOL,19/11/1993
RUS,14,Russia,52.0,55.0,3,UEFA,19/11/1993
GER,1,Germany,59.0,59.0,-2,UEFA,23/12/1993
BRA,3,Brazil,59.0,58.0,-1,CONMEBOL,23/12/1993
RUS,14,Russia,52.0,52.0,0,UEFA,23/12/1993
RSA,95,South Africa,15.0,15.0,-1,CAF,23/12/1993
RSA,98,South Africa,14.0,15.0,3,CAF,15/02/1994
GER,1,Germany,59.0,59.0,0,UEFA,15/02/1994
BRA,2,Brazil,58.0,59.0,-1,CONMEBOL,15/02/1994
RUS,13,Russia,53.0,52.0,-1,UEFA,15/02/1994
RSA,92,South Africa,16.0,14.0,-6,CAF,15/03/1994
RUS,16,Russia,52.0,53.0,3,UEFA,15/03/1994
GER,1,Germany,59.0,59.0,0,UEFA,15/03/1994
BRA,2,Brazil,58.0,58.0,0,CONMEBOL,15/03/1994
GER,2,Germany,59.0,59.0,1,UEFA,19/04/1994
BRA,1,Brazil,59.0,58.0,-1,CONMEBOL,19/04/1994
RUS,12,Russia,52.0,52.0,-4,UEFA,19/04/1994
RSA,92,South Africa,16.0,16.0,0,CAF,19/04/1994
RSA,78,South Africa,21.0,16.0,-14,CAF,17/05/1994
GER,2,Germany,59.0,59.0,0,UEFA,17/05/1994
BRA,1,Brazil,59.0,59.0,0,CONMEBOL,17/05/1994
RUS,20,Russia,49.0,52.0,8,UEFA,17/05/1994
RSA,76,South Africa,21.0,21.0,-2,CAF,14/06/1994
RUS,19,Russia,50.0,49.0,-1,UEFA,14/06/1994
BRA,3,Brazil,59.0,59.0,2,CONMEBOL,14/06/1994
GER,1,Germany,60.0,59.0,-1,UEFA,14/06/1994
GER,4,Germany,61.0,60.0,3,UEFA,21/07/1994
BRA,1,Brazil,65.0,59.0,-2,CONMEBOL,21/07/1994
RUS,19,Russia,52.0,50.0,0,UEFA,21/07/1994
RSA,74,South Africa,21.0,21.0,-2,CAF,21/07/1994
RSA,67,South Africa,24.0,21.0,-7,CAF,13/09/1994
BRA,1,Brazil,66.0,65.0,0,CONMEBOL,13/09/1994
GER,4,Germany,61.0,61.0,0,UEFA,13/09/1994
RUS,17,Russia,52.0,52.0,-2,UEFA,13/09/1994
RSA,69,South Africa,26.0,24.0,2,CAF,25/10/1994
BRA,1,Brazil,66.0,66.0,0,CONMEBOL,25/10/1994
GER,4,Germany,61.0,61.0,0,UEFA,25/10/1994
RUS,14,Russia,54.0,52.0,-3,UEFA,25/10/1994
RSA,64,South Africa,28.0,26.0,-5,CAF,22/11/1994
RUS,12,Russia,54.0,54.0,-2,UEFA,22/11/1994
BRA,1,Brazil,67.0,66.0,0,CONMEBOL,22/11/1994
GER,4,Germany,61.0,61.0,0,UEFA,22/11/1994
RSA,56,South Africa,32.0,28.0,-8,CAF,20/12/1994
RUS,13,Russia,54.0,54.0,1,UEFA,20/12/1994
GER,5,Germany,61.0,61.0,1,UEFA,20/12/1994
BRA,1,Brazil,67.0,67.0,0,CONMEBOL,20/12/1994
RSA,59,South Africa,31.0,32.0,3,CAF,20/02/1995
RUS,17,Russia,52.0,54.0,4,UEFA,20/02/1995
GER,5,Germany,61.0,61.0,0,UEFA,20/02/1995
BRA,1,Brazil,67.0,67.0,0,CONMEBOL,20/02/1995
BRA,1,Brazil,66.0,67.0,0,CONMEBOL,19/04/1995
GER,4,Germany,61.0,61.0,-1,UEFA,19/04/1995
RUS,17,Russia,52.0,52.0,0,UEFA,19/04/1995
RSA,62,South Africa,31.0,31.0,3,CAF,19/04/1995
RUS,15,Russia,54.0,52.0,-2,UEFA,16/05/1995
BRA,1,Brazil,66.0,66.0,0,CONMEBOL,16/05/1995
GER,5,Germany,60.0,61.0,1,UEFA,16/05/1995
RSA,60,South Africa,32.0,31.0,-2,CAF,16/05/1995
RSA,59,South Africa,33.0,32.0,-1,CAF,13/06/1995
RUS,13,Russia,56.0,54.0,-2,UEFA,13/06/1995
BRA,1,Brazil,67.0,66.0,0,CONMEBOL,13/06/1995
GER,5,Germany,59.0,60.0,0,UEFA,13/06/1995
RSA,62,South Africa,34.0,33.0,3,CAF,25/07/1995
RUS,9,Russia,55.0,56.0,-4,UEFA,25/07/1995
GER,4,Germany,58.0,59.0,-1,UEFA,25/07/1995
BRA,1,Brazil,68.0,67.0,0,CONMEBOL,25/07/1995
BRA,1,Brazil,68.0,68.0,0,CONMEBOL,22/08/1995
RSA,63,South Africa,34.0,34.0,1,CAF,22/08/1995
RUS,8,Russia,55.0,55.0,-1,UEFA,22/08/1995
GER,4,Germany,58.0,58.0,0,UEFA,22/08/1995
RSA,67,South Africa,24.0,34.0,4,CAF,19/09/1995
RUS,17,Russia,52.0,55.0,9,UEFA,19/09/1995
BRA,1,Brazil,66.0,68.0,0,CONMEBOL,19/09/1995
GER,4,Germany,61.0,58.0,0,UEFA,19/09/1995
RSA,57,South Africa,35.0,24.0,-10,CAF,17/10/1995
BRA,1,Brazil,68.0,66.0,0,CONMEBOL,17/10/1995
GER,3,Germany,60.0,61.0,-1,UEFA,17/10/1995
RUS,5,Russia,58.0,52.0,-12,UEFA,17/10/1995
RSA,59,South Africa,34.0,35.0,2,CAF,21/11/1995
RUS,5,Russia,58.0,58.0,0,UEFA,21/11/1995
GER,2,Germany,62.0,60.0,-1,UEFA,21/11/1995
BRA,1,Brazil,68.0,68.0,0,CONMEBOL,21/11/1995
BRA,1,Brazil,68.0,68.0,0,CONMEBOL,19/12/1995
RUS,5,Russia,59.0,58.0,0,UEFA,19/12/1995
GER,2,Germany,62.0,62.0,0,UEFA,19/12/1995
RSA,40,South Africa,41.0,34.0,-19,CAF,19/12/1995
RSA,29,South Africa,46.0,41.0,-11,CAF,24/01/1996
BRA,1,Brazil,70.0,68.0,0,CONMEBOL,24/01/1996
GER,2,Germany,62.0,62.0,0,UEFA,24/01/1996
RUS,5,Russia,59.0,59.0,0,UEFA,24/01/1996
GER,3,Germany,61.0,62.0,1,UEFA,21/02/1996
BRA,1,Brazil,69.0,70.0,0,CONMEBOL,21/02/1996
RUS,5,Russia,60.0,59.0,0,UEFA,21/02/1996
RSA,23,South Africa,51.0,46.0,-6,CAF,21/02/1996
RSA,19,South Africa,51.0,51.0,-4,CAF,24/04/1996
RUS,3,Russia,61.0,60.0,-2,UEFA,24/04/1996
BRA,1,Brazil,69.0,69.0,0,CONMEBOL,24/04/1996
GER,2,Germany,62.0,61.0,-1,UEFA,24/04/1996
RSA,20,South Africa,51.0,51.0,1,CAF,22/05/1996
BRA,1,Brazil,69.0,69.0,0,CONMEBOL,22/05/1996
RUS,3,Russia,60.0,61.0,0,UEFA,22/05/1996
GER,2,Germany,63.0,62.0,0,UEFA,22/05/1996
RSA,18,South Africa,52.0,51.0,-2,CAF,03/07/1996
BRA,1,Brazil,69.0,69.0,0,CONMEBOL,03/07/1996
GER,2,Germany,64.0,63.0,0,UEFA,03/07/1996
RUS,9,Russia,59.0,60.0,6,UEFA,03/07/1996
RSA,16,South Africa,52.0,52.0,-2,CAF,28/08/1996
RUS,8,Russia,59.0,59.0,-1,UEFA,28/08/1996
GER,2,Germany,64.0,64.0,0,UEFA,28/08/1996
BRA,1,Brazil,68.0,69.0,0,CONMEBOL,28/08/1996
RSA,17,South Africa,53.0,52.0,1,CAF,25/09/1996
RUS,5,Russia,60.0,59.0,-3,UEFA,25/09/1996
GER,2,Germany,64.0,64.0,0,UEFA,25/09/1996
BRA,1,Brazil,68.0,68.0,0,CONMEBOL,25/09/1996
GER,2,Germany,65.0,64.0,0,UEFA,23/10/1996
BRA,1,Brazil,68.0,68.0,0,CONMEBOL,23/10/1996
RSA,19,South Africa,53.0,53.0,2,CAF,23/10/1996
RUS,7,Russia,60.0,60.0,2,UEFA,23/10/1996
RUS,6,Russia,61.0,60.0,-1,UEFA,20/11/1996
GER,2,Germany,64.0,65.0,0,UEFA,20/11/1996
BRA,1,Brazil,69.0,68.0,0,CONMEBOL,20/11/1996
RSA,21,South Africa,53.0,53.0,2,CAF,20/11/1996
BRA,1,Brazil,68.0,69.0,0,CONMEBOL,18/12/1996
GER,2,Germany,64.0,64.0,0,UEFA,18/12/1996
RUS,7,Russia,61.0,61.0,1,UEFA,18/12/1996
RSA,19,South Africa,54.0,53.0,-2,CAF,18/12/1996
RSA,23,South Africa,51.0,54.0,4,CAF,27/02/1997
BRA,1,Brazil,64.0,68.0,0,CONMEBOL,27/02/1997
GER,2,Germany,64.0,64.0,0,UEFA,27/02/1997
RUS,8,Russia,59.0,61.0,1,UEFA,27/02/1997
RUS,11,Russia,58.0,59.0,3,UEFA,09/04/1997
GER,2,Germany,64.0,64.0,0,UEFA,09/04/1997
BRA,1,Brazil,66.0,64.0,0,CONMEBOL,09/04/1997
RSA,25,South Africa,51.0,51.0,2,CAF,09/04/1997
GER,2,Germany,64.0,64.0,0,UEFA,14/05/1997
RUS,10,Russia,59.0,58.0,-1,UEFA,14/05/1997
RSA,25,South Africa,53.0,51.0,0,CAF,14/05/1997
BRA,1,Brazil,66.0,66.0,0,CONMEBOL,14/05/1997
RUS,8,Russia,60.0,59.0,-2,UEFA,18/06/1997
RSA,19,South Africa,54.0,53.0,-6,CAF,18/06/1997
BRA,1,Brazil,66.0,66.0,0,CONMEBOL,18/06/1997
GER,2,Germany,64.0,64.0,0,UEFA,18/06/1997
RSA,22,South Africa,53.0,54.0,3,CAF,16/07/1997
BRA,1,Brazil,72.0,66.0,0,CONMEBOL,16/07/1997
GER,5,Germany,61.0,64.0,3,UEFA,16/07/1997
RUS,7,Russia,61.0,60.0,-1,UEFA,16/07/1997
RSA,24,South Africa,53.0,53.0,2,CAF,20/08/1997
RUS,5,Russia,60.0,61.0,-2,UEFA,20/08/1997
GER,4,Germany,61.0,61.0,-1,UEFA,20/08/1997
BRA,1,Brazil,72.0,72.0,0,CONMEBOL,20/08/1997
GER,2,Germany,63.0,61.0,-2,UEFA,17/09/1997
RSA,25,South Africa,55.0,53.0,1,CAF,17/09/1997
RUS,16,Russia,58.0,60.0,11,UEFA,17/09/1997
BRA,1,Brazil,72.0,72.0,0,CONMEBOL,17/09/1997
RUS,9,Russia,60.0,58.0,-7,UEFA,17/10/1997
GER,3,Germany,63.0,63.0,1,UEFA,17/10/1997
BRA,1,Brazil,72.0,72.0,0,CONMEBOL,17/10/1997
RSA,26,South Africa,54.0,55.0,1,CAF,17/10/1997
BRA,1,Brazil,72.0,72.0,0,CONMEBOL,19/11/1997
GER,2,Germany,65.0,63.0,-1,UEFA,19/11/1997
RUS,13,Russia,58.0,60.0,4,UEFA,19/11/1997
RSA,35,South Africa,53.0,54.0,9,CAF,19/11/1997
RSA,31,South Africa,53.0,53.0,-4,CAF,23/12/1997
RUS,12,Russia,58.0,58.0,-1,UEFA,23/12/1997
GER,2,Germany,65.0,65.0,0,UEFA,23/12/1997
BRA,1,Brazil,73.0,72.0,0,CONMEBOL,23/12/1997
RSA,36,South Africa,52.0,53.0,5,CAF,18/02/1998
RUS,22,Russia,55.0,58.0,10,UEFA,18/02/1998
GER,2,Germany,65.0,65.0,0,UEFA,18/02/1998
BRA,1,Brazil,73.0,73.0,0,CONMEBOL,18/02/1998
GER,2,Germany,66.0,65.0,0,UEFA,18/03/1998
BRA,1,Brazil,72.0,73.0,0,CONMEBOL,18/03/1998
RSA,20,South Africa,56.0,52.0,-16,CAF,18/03/1998
RUS,23,Russia,56.0,55.0,1,UEFA,18/03/1998
RSA,21,South Africa,56.0,56.0,1,CAF,22/04/1998
RUS,17,Russia,57.0,56.0,-6,UEFA,22/04/1998
GER,2,Germany,65.0,66.0,0,UEFA,22/04/1998
BRA,1,Brazil,72.0,72.0,0,CONMEBOL,22/04/1998
GER,2,Germany,65.0,65.0,0,UEFA,20/05/1998
RUS,16,Russia,56.0,57.0,-1,UEFA,20/05/1998
RSA,24,South Africa,55.0,56.0,3,CAF,20/05/1998
BRA,1,Brazil,72.0,72.0,0,CONMEBOL,20/05/1998
BRA,1,Brazil,74.0,72.0,0,CONMEBOL,15/07/1998
RSA,27,South Africa,53.0,55.0,3,CAF,15/07/1998
RUS,28,Russia,53.0,56.0,12,UEFA,15/07/1998
GER,3,Germany,69.0,65.0,1,UEFA,15/07/1998
BRA,1,Brazil,74.0,74.0,0,CONMEBOL,19/08/1998
GER,3,Germany,69.0,69.0,0,UEFA,19/08/1998
RSA,28,South Africa,53.0,53.0,1,CAF,19/08/1998
RUS,29,Russia,53.0,53.0,1,UEFA,19/08/1998
RSA,31,South Africa,52.0,53.0,3,CAF,16/09/1998
BRA,1,Brazil,74.0,74.0,0,CONMEBOL,16/09/1998
GER,3,Germany,68.0,69.0,0,UEFA,16/09/1998
RUS,27,Russia,53.0,53.0,-2,UEFA,16/09/1998
RSA,28,South Africa,53.0,52.0,-3,CAF,21/10/1998
RUS,35,Russia,50.0,53.0,8,UEFA,21/10/1998
BRA,1,Brazil,74.0,74.0,0,CONMEBOL,21/10/1998
GER,3,Germany,67.0,68.0,0,UEFA,21/10/1998
RSA,28,South Africa,53.0,53.0,0,CAF,18/11/1998
RUS,37,Russia,49.0,50.0,2,UEFA,18/11/1998
BRA,1,Brazil,74.0,74.0,0,CONMEBOL,18/11/1998
GER,3,Germany,67.0,67.0,0,UEFA,18/11/1998
RUS,40,Russia,49.0,49.0,3,UEFA,23/12/1998
GER,3,Germany,67.0,67.0,0,UEFA,23/12/1998
BRA,1,Brazil,73.0,74.0,0,CONMEBOL,23/12/1998
RSA,26,South Africa,54.0,53.0,-2,CAF,23/12/1998
RUS,31,Russia,580.0,49.0,-9,UEFA,27/01/1999
RSA,25,South Africa,603.0,54.0,-1,CAF,27/01/1999
BRA,1,Brazil,829.0,73.0,0,CONMEBOL,27/01/1999
GER,5,Germany,742.0,67.0,2,UEFA,27/01/1999
RUS,31,Russia,577.0,580.0,0,UEFA,24/02/1999
BRA,1,Brazil,827.0,829.0,0,CONMEBOL,24/02/1999
RSA,25,South Africa,600.0,603.0,0,CAF,24/02/1999
GER,5,Germany,738.0,742.0,0,UEFA,24/02/1999
RSA,24,South Africa,599.0,600.0,-1,CAF,24/03/1999
GER,5,Germany,734.0,738.0,0,UEFA,24/03/1999
RUS,31,Russia,573.0,577.0,0,UEFA,24/03/1999
BRA,1,Brazil,824.0,827.0,0,CONMEBOL,24/03/1999
BRA,1,Brazil,817.0,824.0,0,CONMEBOL,21/04/1999
GER,3,Germany,746.0,734.0,-2,UEFA,21/04/1999
RUS,33,Russia,577.0,573.0,2,UEFA,21/04/1999
RSA,27,South Africa,596.0,599.0,3,CAF,21/04/1999
BRA,1,Brazil,817.0,817.0,0,CONMEBOL,19/05/1999
RSA,26,South Africa,596.0,596.0,-1,CAF,19/05/1999
RUS,33,Russia,568.0,577.0,0,UEFA,19/05/1999
GER,3,Germany,742.0,746.0,0,UEFA,19/05/1999
GER,5,Germany,733.0,742.0,2,UEFA,16/06/1999
RUS,24,Russia,607.0,568.0,-9,UEFA,16/06/1999
RSA,28,South Africa,598.0,596.0,2,CAF,16/06/1999
BRA,1,Brazil,808.0,817.0,0,CONMEBOL,16/06/1999
BRA,1,Brazil,835.0,808.0,0,CONMEBOL,21/07/1999
RSA,29,South Africa,595.0,598.0,1,CAF,21/07/1999
RUS,27,Russia,602.0,607.0,3,UEFA,21/07/1999
GER,5,Germany,720.0,733.0,0,UEFA,21/07/1999
RSA,30,South Africa,593.0,595.0,1,CAF,18/08/1999
RUS,28,Russia,598.0,602.0,1,UEFA,18/08/1999
GER,5,Germany,718.0,720.0,0,UEFA,18/08/1999
BRA,1,Brazil,842.0,835.0,0,CONMEBOL,18/08/1999
RUS,19,Russia,642.0,598.0,-9,UEFA,15/09/1999
GER,5,Germany,735.0,718.0,0,UEFA,15/09/1999
BRA,1,Brazil,838.0,842.0,0,CONMEBOL,15/09/1999
RSA,31,South Africa,591.0,593.0,1,CAF,15/09/1999
GER,5,Germany,734.0,735.0,0,UEFA,13/10/1999
BRA,1,Brazil,839.0,838.0,0,CONMEBOL,13/10/1999
RSA,29,South Africa,594.0,591.0,-2,CAF,13/10/1999
RUS,19,Russia,639.0,642.0,0,UEFA,13/10/1999
RSA,31,South Africa,592.0,594.0,2,CAF,17/11/1999
BRA,1,Brazil,838.0,839.0,0,CONMEBOL,17/11/1999
GER,5,Germany,739.0,734.0,0,UEFA,17/11/1999
RUS,19,Russia,641.0,639.0,0,UEFA,17/11/1999
BRA,1,Brazil,839.0,838.0,0,CONMEBOL,22/12/1999
RSA,30,South Africa,597.0,592.0,-1,CAF,22/12/1999
GER,5,Germany,739.0,739.0,0,UEFA,22/12/1999
RUS,18,Russia,643.0,641.0,-1,UEFA,22/12/1999
RSA,31,South Africa,597.0,597.0,1,CAF,19/01/2000
GER,5,Germany,739.0,739.0,0,UEFA,19/01/2000
RUS,18,Russia,643.0,643.0,0,UEFA,19/01/2000
BRA,1,Brazil,839.0,839.0,0,CONMEBOL,19/01/2000
BRA,1,Brazil,836.0,839.0,0,CONMEBOL,16/02/2000
GER,5,Germany,742.0,739.0,0,UEFA,16/02/2000
RSA,21,South Africa,631.0,597.0,-10,CAF,16/02/2000
RUS,18,Russia,641.0,643.0,0,UEFA,16/02/2000
BRA,1,Brazil,834.0,836.0,0,CONMEBOL,15/03/2000
GER,5,Germany,735.0,742.0,0,UEFA,15/03/2000
RUS,21,Russia,636.0,641.0,3,UEFA,15/03/2000
RSA,23,South Africa,626.0,631.0,2,CAF,15/03/2000
RSA,24,South Africa,624.0,626.0,1,CAF,12/04/2000
RUS,22,Russia,630.0,636.0,1,UEFA,12/04/2000
GER,5,Germany,725.0,735.0,0,UEFA,12/04/2000
BRA,1,Brazil,833.0,834.0,0,CONMEBOL,12/04/2000
RUS,23,Russia,626.0,630.0,1,UEFA,10/05/2000
RSA,20,South Africa,633.0,624.0,-4,CAF,10/05/2000
GER,6,Germany,717.0,725.0,1,UEFA,10/05/2000
BRA,1,Brazil,830.0,833.0,0,CONMEBOL,10/05/2000
RUS,24,Russia,618.0,626.0,1,UEFA,07/06/2000
BRA,1,Brazil,828.0,830.0,0,CONMEBOL,07/06/2000
GER,6,Germany,706.0,717.0,0,UEFA,07/06/2000
RSA,20,South Africa,631.0,633.0,0,CAF,07/06/2000
RSA,23,South Africa,624.0,631.0,3,CAF,05/07/2000
RUS,24,Russia,616.0,618.0,0,UEFA,05/07/2000
BRA,1,Brazil,825.0,828.0,0,CONMEBOL,05/07/2000
GER,9,Germany,711.0,706.0,3,UEFA,05/07/2000
BRA,1,Brazil,819.0,825.0,0,CONMEBOL,09/08/2000
RUS,25,Russia,606.0,616.0,1,UEFA,09/08/2000
RSA,20,South Africa,629.0,624.0,-3,CAF,09/08/2000
GER,11,Germany,700.0,711.0,2,UEFA,09/08/2000
BRA,1,Brazil,818.0,819.0,0,CONMEBOL,06/09/2000
GER,9,Germany,712.0,700.0,-2,UEFA,06/09/2000
RSA,23,South Africa,631.0,629.0,3,CAF,06/09/2000
RUS,24,Russia,625.0,606.0,-1,UEFA,06/09/2000
RUS,24,Russia,620.0,625.0,0,UEFA,11/10/2000
RSA,22,South Africa,631.0,631.0,-1,CAF,11/10/2000
GER,8,Germany,719.0,712.0,-1,UEFA,11/10/2000
BRA,1,Brazil,822.0,818.0,0,CONMEBOL,11/10/2000
RSA,23,South Africa,631.0,631.0,1,CAF,15/11/2000
RUS,21,Russia,636.0,620.0,-3,UEFA,15/11/2000
GER,8,Germany,715.0,719.0,0,UEFA,15/11/2000
BRA,1,Brazil,818.0,822.0,0,CONMEBOL,15/11/2000
BRA,1,Brazil,821.0,818.0,0,CONMEBOL,20/12/2000
RUS,21,Russia,634.0,636.0,0,UEFA,20/12/2000
RSA,20,South Africa,635.0,631.0,-3,CAF,20/12/2000
GER,11,Germany,705.0,715.0,3,UEFA,20/12/2000
RSA,19,South Africa,635.0,635.0,-1,CAF,17/01/2001
RUS,20,Russia,634.0,634.0,-1,UEFA,17/01/2001
BRA,1,Brazil,821.0,821.0,0,CONMEBOL,17/01/2001
GER,11,Germany,705.0,705.0,0,UEFA,17/01/2001
BRA,1,Brazil,818.0,821.0,0,CONMEBOL,14/02/2001
GER,11,Germany,703.0,705.0,0,UEFA,14/02/2001
RSA,19,South Africa,633.0,635.0,0,CAF,14/02/2001
RUS,20,Russia,632.0,634.0,0,UEFA,14/02/2001
BRA,1,Brazil,814.0,818.0,0,CONMEBOL,14/03/2001
GER,11,Germany,698.0,703.0,0,UEFA,14/03/2001
RSA,20,South Africa,631.0,633.0,1,CAF,14/03/2001
RUS,19,Russia,639.0,632.0,-1,UEFA,14/03/2001
BRA,1,Brazil,807.0,814.0,0,CONMEBOL,11/04/2001
GER,8,Germany,714.0,698.0,-3,UEFA,11/04/2001
RUS,20,Russia,642.0,639.0,1,UEFA,11/04/2001
RSA,22,South Africa,630.0,631.0,2,CAF,11/04/2001
RSA,22,South Africa,634.0,630.0,0,CAF,16/05/2001
BRA,2,Brazil,794.0,807.0,1,CONMEBOL,16/05/2001
GER,9,Germany,711.0,714.0,1,UEFA,16/05/2001
RUS,18,Russia,652.0,642.0,-2,UEFA,16/05/2001
RUS,20,Russia,659.0,652.0,2,UEFA,20/06/2001
RSA,24,South Africa,632.0,634.0,2,CAF,20/06/2001
BRA,2,Brazil,796.0,794.0,0,CONMEBOL,20/06/2001
GER,8,Germany,720.0,711.0,-1,UEFA,20/06/2001
GER,5,Germany,726.0,720.0,-3,UEFA,18/07/2001
BRA,2,Brazil,795.0,796.0,0,CONMEBOL,18/07/2001
RSA,25,South Africa,633.0,632.0,1,CAF,18/07/2001
RUS,20,Russia,658.0,659.0,0,UEFA,18/07/2001
GER,5,Germany,725.0,726.0,0,UEFA,22/08/2001
BRA,2,Brazil,808.0,795.0,0,CONMEBOL,22/08/2001
RUS,20,Russia,652.0,658.0,0,UEFA,22/08/2001
RSA,28,South Africa,629.0,633.0,3,CAF,22/08/2001
GER,12,Germany,708.0,725.0,7,UEFA,19/09/2001
BRA,2,Brazil,799.0,808.0,0,CONMEBOL,19/09/2001
RUS,24,Russia,648.0,652.0,4,UEFA,19/09/2001
RSA,30,South Africa,628.0,629.0,2,CAF,19/09/2001
RSA,32,South Africa,626.0,628.0,2,CAF,17/10/2001
RUS,21,Russia,660.0,648.0,-3,UEFA,17/10/2001
BRA,2,Brazil,799.0,799.0,0,CONMEBOL,17/10/2001
GER,14,Germany,695.0,708.0,2,UEFA,17/10/2001
GER,11,Germany,710.0,695.0,-3,UEFA,21/11/2001
BRA,3,Brazil,797.0,799.0,1,CONMEBOL,21/11/2001
RUS,22,Russia,664.0,660.0,1,UEFA,21/11/2001
RSA,34,South Africa,625.0,626.0,2,CAF,21/11/2001
BRA,3,Brazil,793.0,797.0,0,CONMEBOL,19/12/2001
GER,12,Germany,707.0,710.0,1,UEFA,19/12/2001
RUS,21,Russia,665.0,664.0,-1,UEFA,19/12/2001
RSA,35,South Africa,626.0,625.0,1,CAF,19/12/2001
RSA,33,South Africa,629.0,626.0,-2,CAF,16/01/2002
GER,12,Germany,707.0,707.0,0,UEFA,16/01/2002
BRA,3,Brazil,793.0,793.0,0,CONMEBOL,16/01/2002
RUS,21,Russia,665.0,665.0,0,UEFA,16/01/2002
RSA,33,South Africa,631.0,629.0,0,CAF,13/02/2002
RUS,23,Russia,662.0,665.0,2,UEFA,13/02/2002
BRA,3,Brazil,791.0,793.0,0,CONMEBOL,13/02/2002
GER,12,Germany,704.0,707.0,0,UEFA,13/02/2002
GER,10,Germany,710.0,704.0,-2,UEFA,20/03/2002
BRA,3,Brazil,788.0,791.0,0,CONMEBOL,20/03/2002
RSA,36,South Africa,626.0,631.0,3,CAF,20/03/2002
RUS,24,Russia,657.0,662.0,1,UEFA,20/03/2002
BRA,2,Brazil,787.0,788.0,-1,CONMEBOL,17/04/2002
RSA,37,South Africa,624.0,626.0,1,CAF,17/04/2002
GER,12,Germany,697.0,710.0,2,UEFA,17/04/2002
RUS,24,Russia,650.0,657.0,0,UEFA,17/04/2002
RUS,28,Russia,644.0,650.0,4,UEFA,15/05/2002
BRA,2,Brazil,784.0,787.0,0,CONMEBOL,15/05/2002
GER,11,Germany,695.0,697.0,-1,UEFA,15/05/2002
RSA,37,South Africa,623.0,624.0,0,CAF,15/05/2002
RSA,34,South Africa,634.0,623.0,-3,CAF,03/07/2002
BRA,1,Brazil,852.0,784.0,-1,CONMEBOL,03/07/2002
GER,5,Germany,765.0,695.0,-6,UEFA,03/07/2002
RUS,28,Russia,644.0,644.0,0,UEFA,03/07/2002
RUS,30,Russia,637.0,644.0,2,UEFA,14/08/2002
RSA,32,South Africa,634.0,634.0,-2,CAF,14/08/2002
GER,5,Germany,764.0,765.0,0,UEFA,14/08/2002
BRA,1,Brazil,859.0,852.0,0,CONMEBOL,14/08/2002
RUS,24,Russia,652.0,637.0,-6,UEFA,18/09/2002
RSA,33,South Africa,635.0,634.0,1,CAF,18/09/2002
BRA,1,Brazil,858.0,859.0,0,CONMEBOL,18/09/2002
GER,4,Germany,770.0,764.0,-1,UEFA,18/09/2002
RUS,23,Russia,655.0,652.0,-1,UEFA,23/10/2002
RSA,30,South Africa,640.0,635.0,-3,CAF,23/10/2002
BRA,1,Brazil,855.0,858.0,0,CONMEBOL,23/10/2002
GER,4,Germany,763.0,770.0,0,UEFA,23/10/2002
RSA,31,South Africa,637.0,640.0,1,CAF,20/11/2002
RUS,24,Russia,652.0,655.0,1,UEFA,20/11/2002
GER,4,Germany,763.0,763.0,0,UEFA,20/11/2002
BRA,1,Brazil,857.0,855.0,0,CONMEBOL,20/11/2002
GER,4,Germany,761.0,763.0,0,UEFA,18/12/2002
BRA,1,Brazil,856.0,857.0,0,CONMEBOL,18/12/2002
RSA,30,South Africa,636.0,637.0,-1,CAF,18/12/2002
RUS,23,Russia,650.0,652.0,-1,UEFA,18/12/2002
RSA,30,South Africa,636.0,636.0,0,CAF,15/01/2003
RUS,23,Russia,650.0,650.0,0,UEFA,15/01/2003
GER,4,Germany,765.0,761.0,0,UEFA,15/01/2003
BRA,1,Brazil,856.0,856.0,0,CONMEBOL,15/01/2003
GER,5,Germany,762.0,765.0,1,UEFA,19/02/2003
BRA,1,Brazil,852.0,856.0,0,CONMEBOL,19/02/2003
RSA,30,South Africa,633.0,636.0,0,CAF,19/02/2003
RUS,21,Russia,664.0,650.0,-2,UEFA,19/02/2003
GER,5,Germany,758.0,762.0,0,UEFA,26/03/2003
BRA,1,Brazil,853.0,852.0,0,CONMEBOL,26/03/2003
RSA,31,South Africa,627.0,633.0,1,CAF,26/03/2003
RUS,22,Russia,654.0,664.0,1,UEFA,26/03/2003
BRA,1,Brazil,849.0,853.0,0,CONMEBOL,23/04/2003
RSA,31,South Africa,628.0,627.0,0,CAF,23/04/2003
RUS,24,Russia,648.0,654.0,2,UEFA,23/04/2003
GER,4,Germany,755.0,758.0,-1,UEFA,23/04/2003
RUS,25,Russia,641.0,648.0,1,UEFA,21/05/2003
GER,4,Germany,757.0,755.0,0,UEFA,21/05/2003
RSA,31,South Africa,624.0,628.0,0,CAF,21/05/2003
BRA,1,Brazil,843.0,849.0,0,CONMEBOL,21/05/2003
BRA,1,Brazil,834.0,843.0,0,CONMEBOL,25/06/2003
GER,6,Germany,745.0,757.0,2,UEFA,25/06/2003
RSA,33,South Africa,619.0,624.0,2,CAF,25/06/2003
RUS,30,Russia,627.0,641.0,5,UEFA,25/06/2003
RSA,31,South Africa,623.0,619.0,-2,CAF,30/07/2003
RUS,32,Russia,622.0,627.0,2,UEFA,30/07/2003
BRA,1,Brazil,848.0,834.0,0,CONMEBOL,30/07/2003
GER,8,Germany,736.0,745.0,2,UEFA,30/07/2003
RSA,33,South Africa,619.0,623.0,2,CAF,27/08/2003
RUS,38,Russia,610.0,622.0,6,UEFA,27/08/2003
GER,10,Germany,728.0,736.0,2,UEFA,27/08/2003
BRA,1,Brazil,846.0,848.0,0,CONMEBOL,27/08/2003
BRA,1,Brazil,855.0,846.0,0,CONMEBOL,24/09/2003
GER,9,Germany,736.0,728.0,-1,UEFA,24/09/2003
RUS,28,Russia,629.0,610.0,-10,UEFA,24/09/2003
RSA,36,South Africa,616.0,619.0,3,CAF,24/09/2003
RUS,28,Russia,637.0,629.0,0,UEFA,22/10/2003
RSA,31,South Africa,630.0,616.0,-5,CAF,22/10/2003
BRA,1,Brazil,854.0,855.0,0,CONMEBOL,22/10/2003
GER,7,Germany,744.0,736.0,-2,UEFA,22/10/2003
RUS,29,Russia,638.0,637.0,1,UEFA,19/11/2003
GER,9,Germany,736.0,744.0,2,UEFA,19/11/2003
RSA,32,South Africa,625.0,630.0,1,CAF,19/11/2003
BRA,1,Brazil,852.0,854.0,0,CONMEBOL,19/11/2003
BRA,1,Brazil,848.0,852.0,0,CONMEBOL,15/12/2003
GER,12,Germany,729.0,736.0,3,UEFA,15/12/2003
RUS,24,Russia,659.0,638.0,-5,UEFA,15/12/2003
RSA,36,South Africa,618.0,625.0,4,CAF,15/12/2003
RUS,24,Russia,659.0,659.0,0,UEFA,14/01/2004
RSA,36,South Africa,618.0,618.0,0,CAF,14/01/2004
BRA,1,Brazil,848.0,848.0,0,CONMEBOL,14/01/2004
GER,12,Germany,729.0,729.0,0,UEFA,14/01/2004
BRA,1,Brazil,846.0,848.0,0,CONMEBOL,18/02/2004
RSA,38,South Africa,620.0,618.0,2,CAF,18/02/2004
RUS,25,Russia,657.0,659.0,1,UEFA,18/02/2004
GER,12,Germany,727.0,729.0,0,UEFA,18/02/2004
GER,10,Germany,729.0,727.0,-2,UEFA,17/03/2004
RSA,39,South Africa,618.0,620.0,1,CAF,17/03/2004
RUS,29,Russia,652.0,657.0,4,UEFA,17/03/2004
BRA,1,Brazil,842.0,846.0,0,CONMEBOL,17/03/2004
RSA,40,South Africa,612.0,618.0,1,CAF,14/04/2004
BRA,1,Brazil,840.0,842.0,0,CONMEBOL,14/04/2004
GER,7,Germany,735.0,729.0,-3,UEFA,14/04/2004
RUS,29,Russia,654.0,652.0,0,UEFA,14/04/2004
BRA,1,Brazil,838.0,840.0,0,CONMEBOL,12/05/2004
RUS,30,Russia,652.0,654.0,1,UEFA,12/05/2004
RSA,40,South Africa,610.0,612.0,0,CAF,12/05/2004
GER,9,Germany,723.0,735.0,2,UEFA,12/05/2004
GER,8,Germany,726.0,723.0,-1,UEFA,09/06/2004
BRA,1,Brazil,842.0,838.0,0,CONMEBOL,09/06/2004
RUS,31,Russia,645.0,652.0,1,UEFA,09/06/2004
RSA,39,South Africa,613.0,610.0,-1,CAF,09/06/2004
GER,12,Germany,715.0,726.0,4,UEFA,07/07/2004
BRA,1,Brazil,835.0,842.0,0,CONMEBOL,07/07/2004
RUS,26,Russia,655.0,645.0,-5,UEFA,07/07/2004
RSA,39,South Africa,610.0,613.0,0,CAF,07/07/2004
BRA,1,Brazil,849.0,835.0,0,CONMEBOL,04/08/2004
GER,13,Germany,712.0,715.0,1,UEFA,04/08/2004
RSA,41,South Africa,599.0,610.0,2,CAF,04/08/2004
RUS,27,Russia,653.0,655.0,1,UEFA,04/08/2004
BRA,1,Brazil,848.0,849.0,0,CONMEBOL,01/09/2004
RSA,39,South Africa,609.0,599.0,-2,CAF,01/09/2004
RUS,26,Russia,659.0,653.0,-1,UEFA,01/09/2004
GER,11,Germany,714.0,712.0,-2,UEFA,01/09/2004
RUS,33,Russia,641.0,659.0,7,UEFA,06/10/2004
RSA,40,South Africa,604.0,609.0,1,CAF,06/10/2004
GER,13,Germany,706.0,714.0,2,UEFA,06/10/2004
BRA,1,Brazil,845.0,848.0,0,CONMEBOL,06/10/2004
RUS,33,Russia,642.0,641.0,0,UEFA,10/11/2004
RSA,41,South Africa,608.0,604.0,1,CAF,10/11/2004
GER,16,Germany,706.0,706.0,3,UEFA,10/11/2004
BRA,1,Brazil,847.0,845.0,0,CONMEBOL,10/11/2004
GER,19,Germany,705.0,706.0,3,UEFA,20/12/2004
BRA,1,Brazil,843.0,847.0,0,CONMEBOL,20/12/2004
RUS,32,Russia,652.0,642.0,-1,UEFA,20/12/2004
RSA,38,South Africa,619.0,608.0,-3,CAF,20/12/2004
RUS,32,Russia,651.0,652.0,0,UEFA,19/01/2005
RSA,38,South Africa,621.0,619.0,0,CAF,19/01/2005
BRA,1,Brazil,842.0,843.0,0,CONMEBOL,19/01/2005
GER,16,Germany,710.0,705.0,-3,UEFA,19/01/2005
GER,17,Germany,708.0,710.0,1,UEFA,16/02/2005
RSA,40,South Africa,617.0,621.0,2,CAF,16/02/2005
RUS,32,Russia,650.0,651.0,0,UEFA,16/02/2005
BRA,1,Brazil,840.0,842.0,0,CONMEBOL,16/02/2005
BRA,1,Brazil,836.0,840.0,0,CONMEBOL,23/03/2005
RSA,40,South Africa,616.0,617.0,0,CAF,23/03/2005
RUS,33,Russia,644.0,650.0,1,UEFA,23/03/2005
GER,18,Germany,702.0,708.0,1,UEFA,23/03/2005
BRA,1,Brazil,834.0,836.0,0,CONMEBOL,20/04/2005
GER,20,Germany,698.0,702.0,2,UEFA,20/04/2005
RSA,37,South Africa,625.0,616.0,-3,CAF,20/04/2005
RUS,31,Russia,653.0,644.0,-2,UEFA,20/04/2005
BRA,1,Brazil,831.0,834.0,0,CONMEBOL,18/05/2005
GER,19,Germany,697.0,698.0,-1,UEFA,18/05/2005
RUS,30,Russia,653.0,653.0,-1,UEFA,18/05/2005
RSA,38,South Africa,624.0,625.0,1,CAF,18/05/2005
BRA,1,Brazil,829.0,831.0,0,CONMEBOL,15/06/2005
GER,21,Germany,695.0,697.0,2,UEFA,15/06/2005
RUS,27,Russia,669.0,653.0,-3,UEFA,15/06/2005
RSA,39,South Africa,630.0,624.0,1,CAF,15/06/2005
RSA,38,South Africa,634.0,630.0,-1,CAF,20/07/2005
RUS,30,Russia,657.0,669.0,3,UEFA,20/07/2005
BRA,1,Brazil,846.0,829.0,0,CONMEBOL,20/07/2005
GER,11,Germany,723.0,695.0,-10,UEFA,20/07/2005
RSA,38,South Africa,632.0,634.0,0,CAF,17/08/2005
GER,11,Germany,722.0,723.0,0,UEFA,17/08/2005
BRA,1,Brazil,837.0,846.0,0,CONMEBOL,17/08/2005
RUS,29,Russia,655.0,657.0,-1,UEFA,17/08/2005
RUS,30,Russia,669.0,655.0,1,UEFA,12/09/2005
RSA,42,South Africa,622.0,632.0,4,CAF,12/09/2005
BRA,1,Brazil,839.0,837.0,0,CONMEBOL,12/09/2005
GER,15,Germany,718.0,722.0,4,UEFA,12/09/2005
RUS,30,Russia,671.0,669.0,0,UEFA,17/10/2005
RSA,46,South Africa,616.0,622.0,4,CAF,17/10/2005
BRA,1,Brazil,840.0,839.0,0,CONMEBOL,17/10/2005
GER,15,Germany,712.0,718.0,0,UEFA,17/10/2005
RSA,48,South Africa,611.0,616.0,2,CAF,21/11/2005
RUS,34,Russia,662.0,671.0,4,UEFA,21/11/2005
BRA,1,Brazil,841.0,840.0,0,CONMEBOL,21/11/2005
GER,16,Germany,710.0,712.0,1,UEFA,21/11/2005
BRA,1,Brazil,840.0,841.0,0,CONMEBOL,16/12/2005
RUS,34,Russia,662.0,662.0,0,UEFA,16/12/2005
GER,16,Germany,708.0,710.0,0,UEFA,16/12/2005
RSA,49,South Africa,609.0,611.0,1,CAF,16/12/2005
RUS,34,Russia,661.0,662.0,0,UEFA,18/01/2006
RSA,49,South Africa,609.0,609.0,0,CAF,18/01/2006
BRA,1,Brazil,839.0,840.0,0,CONMEBOL,18/01/2006
GER,17,Germany,707.0,708.0,1,UEFA,18/01/2006
BRA,1,Brazil,837.0,839.0,0,CONMEBOL,15/02/2006
RUS,34,Russia,664.0,661.0,0,UEFA,15/02/2006
RSA,50,South Africa,608.0,609.0,1,CAF,15/02/2006
GER,19,Germany,706.0,707.0,2,UEFA,15/02/2006
RSA,52,South Africa,604.0,608.0,2,CAF,15/03/2006
RUS,35,Russia,657.0,664.0,1,UEFA,15/03/2006
BRA,1,Brazil,835.0,837.0,0,CONMEBOL,15/03/2006
GER,22,Germany,700.0,706.0,3,UEFA,15/03/2006
RUS,37,Russia,648.0,657.0,2,UEFA,19/04/2006
BRA,1,Brazil,830.0,835.0,0,CONMEBOL,19/04/2006
GER,19,Germany,699.0,700.0,-3,UEFA,19/04/2006
RSA,51,South Africa,598.0,604.0,-1,CAF,19/04/2006
RUS,37,Russia,645.0,648.0,0,UEFA,17/05/2006
GER,19,Germany,696.0,699.0,0,UEFA,17/05/2006
RSA,53,South Africa,593.0,598.0,2,CAF,17/05/2006
BRA,1,Brazil,827.0,830.0,0,CONMEBOL,17/05/2006
RSA,72,South Africa,455.0,593.0,19,CAF,12/07/2006
GER,9,Germany,1229.0,696.0,-10,UEFA,12/07/2006
RUS,34,Russia,733.0,645.0,-3,UEFA,12/07/2006
BRA,1,Brazil,1630.0,827.0,0,CONMEBOL,12/07/2006
BRA,1,Brazil,1649.0,1630.0,0,CONMEBOL,16/08/2006
RUS,33,Russia,733.0,733.0,-1,UEFA,16/08/2006
GER,9,Germany,1229.0,1229.0,0,UEFA,16/08/2006
RSA,76,South Africa,406.0,455.0,4,CAF,16/08/2006
BRA,1,Brazil,1574.0,1649.0,0,CONMEBOL,13/09/2006
RUS,39,Russia,702.0,733.0,6,UEFA,13/09/2006
GER,8,Germany,1291.0,1229.0,-1,UEFA,13/09/2006
RSA,76,South Africa,417.0,406.0,0,CAF,13/09/2006
BRA,1,Brazil,1560.0,1574.0,0,CONMEBOL,18/10/2006
RUS,33,Russia,764.0,702.0,-6,UEFA,18/10/2006
GER,6,Germany,1339.0,1291.0,-2,UEFA,18/10/2006
RSA,65,South Africa,466.0,417.0,-11,CAF,18/10/2006
RUS,23,Russia,858.0,764.0,-10,UEFA,22/11/2006
BRA,1,Brazil,1588.0,1560.0,0,CONMEBOL,22/11/2006
GER,6,Germany,1348.0,1339.0,0,UEFA,22/11/2006
RSA,66,South Africa,468.0,466.0,1,CAF,22/11/2006
RUS,22,Russia,858.0,858.0,-1,UEFA,18/12/2006
GER,6,Germany,1350.0,1348.0,0,UEFA,18/12/2006
BRA,1,Brazil,1588.0,1588.0,0,CONMEBOL,18/12/2006
RSA,67,South Africa,468.0,468.0,1,CAF,18/12/2006
RSA,69,South Africa,454.0,468.0,2,CAF,17/01/2007
BRA,1,Brazil,1588.0,1588.0,0,CONMEBOL,17/01/2007
GER,5,Germany,1363.0,1350.0,-1,UEFA,17/01/2007
RUS,24,Russia,858.0,858.0,2,UEFA,17/01/2007
RSA,59,South Africa,504.0,454.0,-10,CAF,14/02/2007
GER,5,Germany,1359.0,1363.0,0,UEFA,14/02/2007
BRA,2,Brazil,1540.0,1588.0,1,CONMEBOL,14/02/2007
RUS,27,Russia,817.0,858.0,3,UEFA,14/02/2007
RUS,23,Russia,854.0,817.0,-4,UEFA,14/03/2007
GER,5,Germany,1390.0,1359.0,0,UEFA,14/03/2007
BRA,3,Brazil,1557.0,1540.0,1,CONMEBOL,14/03/2007
RSA,60,South Africa,499.0,504.0,1,CAF,14/03/2007
RSA,61,South Africa,498.0,499.0,1,CAF,18/04/2007
BRA,3,Brazil,1520.0,1557.0,0,CONMEBOL,18/04/2007
GER,5,Germany,1393.0,1390.0,0,UEFA,18/04/2007
RUS,16,Russia,901.0,854.0,-7,UEFA,18/04/2007
RSA,59,South Africa,516.0,498.0,-2,CAF,16/05/2007
RUS,17,Russia,908.0,901.0,1,UEFA,16/05/2007
GER,5,Germany,1390.0,1393.0,0,UEFA,16/05/2007
BRA,2,Brazil,1538.0,1520.0,-1,CONMEBOL,16/05/2007
BRA,3,Brazil,1484.0,1538.0,1,CONMEBOL,13/06/2007
GER,4,Germany,1467.0,1390.0,-1,UEFA,13/06/2007
RUS,24,Russia,893.0,908.0,7,UEFA,13/06/2007
RSA,57,South Africa,535.0,516.0,-2,CAF,13/06/2007
RUS,23,Russia,879.0,893.0,-1,UEFA,18/07/2007
BRA,1,Brazil,1500.0,1484.0,-2,CONMEBOL,18/07/2007
GER,5,Germany,1311.0,1467.0,1,UEFA,18/07/2007
RSA,64,South Africa,479.0,535.0,7,CAF,18/07/2007
RUS,24,Russia,909.0,879.0,1,UEFA,22/08/2007
BRA,1,Brazil,1508.0,1500.0,0,CONMEBOL,22/08/2007
GER,5,Germany,1337.0,1311.0,0,UEFA,22/08/2007
RSA,61,South Africa,488.0,479.0,-3,CAF,22/08/2007
RSA,73,South Africa,437.0,488.0,12,CAF,19/09/2007
BRA,3,Brazil,1444.0,1508.0,2,CONMEBOL,19/09/2007
GER,4,Germany,1330.0,1337.0,-1,UEFA,19/09/2007
RUS,26,Russia,851.0,909.0,2,UEFA,19/09/2007
RUS,16,Russia,960.0,851.0,-10,UEFA,24/10/2007
BRA,2,Brazil,1459.0,1444.0,-1,CONMEBOL,24/10/2007
GER,5,Germany,1245.0,1330.0,1,UEFA,24/10/2007
RSA,83,South Africa,389.0,437.0,10,CAF,24/10/2007
GER,5,Germany,1296.0,1245.0,0,UEFA,22/11/2007
BRA,2,Brazil,1502.0,1459.0,0,CONMEBOL,22/11/2007
RUS,22,Russia,861.0,960.0,6,UEFA,22/11/2007
RSA,77,South Africa,414.0,389.0,-6,CAF,22/11/2007
RSA,77,South Africa,414.0,414.0,0,CAF,17/12/2007
RUS,23,Russia,861.0,861.0,1,UEFA,17/12/2007
GER,5,Germany,1298.0,1296.0,0,UEFA,17/12/2007
BRA,2,Brazil,1502.0,1502.0,0,CONMEBOL,17/12/2007
RSA,78,South Africa,411.0,414.0,1,CAF,16/01/2008
RUS,24,Russia,861.0,861.0,1,UEFA,16/01/2008
BRA,2,Brazil,1502.0,1502.0,0,CONMEBOL,16/01/2008
GER,5,Germany,1305.0,1298.0,0,UEFA,16/01/2008
BRA,2,Brazil,1502.0,1502.0,0,CONMEBOL,13/02/2008
GER,5,Germany,1281.0,1305.0,0,UEFA,13/02/2008
RUS,22,Russia,890.0,861.0,-2,UEFA,13/02/2008
RSA,70,South Africa,454.0,411.0,-8,CAF,13/02/2008
RUS,21,Russia,906.0,890.0,-1,UEFA,12/03/2008
GER,5,Germany,1294.0,1281.0,0,UEFA,12/03/2008
BRA,2,Brazil,1514.0,1502.0,0,CONMEBOL,12/03/2008
RSA,71,South Africa,451.0,454.0,1,CAF,12/03/2008
RSA,69,South Africa,471.0,451.0,-2,CAF,09/04/2008
BRA,2,Brazil,1509.0,1514.0,0,CONMEBOL,09/04/2008
RUS,25,Russia,851.0,906.0,4,UEFA,09/04/2008
GER,5,Germany,1261.0,1294.0,0,UEFA,09/04/2008
RSA,69,South Africa,471.0,471.0,0,CAF,07/05/2008
BRA,2,Brazil,1518.0,1509.0,0,CONMEBOL,07/05/2008
GER,5,Germany,1264.0,1261.0,0,UEFA,07/05/2008
RUS,25,Russia,856.0,851.0,0,UEFA,07/05/2008
GER,5,Germany,1274.0,1264.0,0,UEFA,04/06/2008
BRA,2,Brazil,1513.0,1518.0,0,CONMEBOL,04/06/2008
RUS,24,Russia,846.0,856.0,-1,UEFA,04/06/2008
RSA,68,South Africa,469.0,471.0,-1,CAF,04/06/2008
GER,3,Germany,1364.0,1274.0,-2,UEFA,02/07/2008
BRA,4,Brazil,1344.0,1513.0,2,CONMEBOL,02/07/2008
RUS,11,Russia,1023.0,846.0,-13,UEFA,02/07/2008
RSA,67,South Africa,481.0,469.0,-1,CAF,02/07/2008
RSA,73,South Africa,451.0,481.0,6,CAF,06/08/2008
RUS,10,Russia,1023.0,1023.0,-1,UEFA,06/08/2008
GER,2,Germany,1343.0,1364.0,-1,UEFA,06/08/2008
BRA,6,Brazil,1242.0,1344.0,2,CONMEBOL,06/08/2008
RSA,70,South Africa,447.0,451.0,-3,CAF,03/09/2008
GER,3,Germany,1329.0,1343.0,1,UEFA,03/09/2008
BRA,6,Brazil,1252.0,1242.0,0,CONMEBOL,03/09/2008
RUS,12,Russia,1013.0,1023.0,2,UEFA,03/09/2008
RSA,85,South Africa,411.0,447.0,15,CAF,08/10/2008
GER,3,Germany,1336.0,1329.0,0,UEFA,08/10/2008
BRA,4,Brazil,1280.0,1252.0,-2,CONMEBOL,08/10/2008
RUS,9,Russia,1076.0,1013.0,-3,UEFA,08/10/2008
RSA,80,South Africa,442.0,411.0,-5,CAF,12/11/2008
RUS,8,Russia,1079.0,1076.0,-1,UEFA,12/11/2008
BRA,5,Brazil,1286.0,1280.0,1,CONMEBOL,12/11/2008
GER,2,Germany,1413.0,1336.0,-1,UEFA,12/11/2008
RUS,9,Russia,1103.0,1079.0,1,UEFA,17/12/2008
BRA,5,Brazil,1246.0,1286.0,0,CONMEBOL,17/12/2008
GER,2,Germany,1381.0,1413.0,0,UEFA,17/12/2008
RSA,76,South Africa,461.0,442.0,-4,CAF,17/12/2008
RSA,74,South Africa,458.0,461.0,-2,CAF,14/01/2009
BRA,5,Brazil,1246.0,1246.0,0,CONMEBOL,14/01/2009
RUS,9,Russia,1103.0,1103.0,0,UEFA,14/01/2009
GER,2,Germany,1389.0,1381.0,0,UEFA,14/01/2009
GER,2,Germany,1403.0,1389.0,0,UEFA,11/02/2009
RUS,9,Russia,1119.0,1103.0,0,UEFA,11/02/2009
BRA,5,Brazil,1248.0,1246.0,0,CONMEBOL,11/02/2009
RSA,70,South Africa,485.0,458.0,-4,CAF,11/02/2009
BRA,5,Brazil,1260.0,1248.0,0,CONMEBOL,11/03/2009
GER,2,Germany,1366.0,1403.0,0,UEFA,11/03/2009
RUS,8,Russia,1128.0,1119.0,-1,UEFA,11/03/2009
RSA,72,South Africa,469.0,485.0,2,CAF,11/03/2009
GER,2,Germany,1362.0,1366.0,0,UEFA,08/04/2009
RSA,77,South Africa,453.0,469.0,5,CAF,08/04/2009
BRA,4,Brazil,1275.0,1260.0,-1,CONMEBOL,08/04/2009
RUS,9,Russia,1117.0,1128.0,1,UEFA,08/04/2009
GER,2,Germany,1362.0,1362.0,0,UEFA,06/05/2009
BRA,4,Brazil,1281.0,1275.0,0,CONMEBOL,06/05/2009
RUS,9,Russia,1117.0,1117.0,0,UEFA,06/05/2009
RSA,77,South Africa,453.0,453.0,0,CAF,06/05/2009
RSA,72,South Africa,471.0,453.0,-5,CAF,03/06/2009
RUS,9,Russia,1167.0,1117.0,0,UEFA,03/06/2009
BRA,5,Brazil,1288.0,1281.0,1,CONMEBOL,03/06/2009
GER,3,Germany,1378.0,1362.0,1,UEFA,03/06/2009
BRA,1,Brazil,1672.0,1288.0,-4,CONMEBOL,01/07/2009
GER,5,Germany,1207.0,1378.0,2,UEFA,01/07/2009
RUS,6,Russia,1161.0,1167.0,-3,UEFA,01/07/2009
RSA,70,South Africa,474.0,471.0,-2,CAF,01/07/2009
RSA,72,South Africa,449.0,474.0,2,CAF,05/08/2009
RUS,6,Russia,1161.0,1161.0,0,UEFA,05/08/2009
GER,4,Germany,1195.0,1207.0,-1,UEFA,05/08/2009
BRA,1,Brazil,1642.0,1672.0,0,CONMEBOL,05/08/2009
RSA,73,South Africa,445.0,449.0,1,CAF,02/09/2009
RUS,6,Russia,1129.0,1161.0,0,UEFA,02/09/2009
GER,4,Germany,1186.0,1195.0,0,UEFA,02/09/2009
BRA,1,Brazil,1604.0,1642.0,0,CONMEBOL,02/09/2009
RSA,85,South Africa,381.0,445.0,12,CAF,16/10/2009
BRA,1,Brazil,1632.0,1604.0,0,CONMEBOL,16/10/2009
GER,5,Germany,1161.0,1186.0,1,UEFA,16/10/2009
RUS,12,Russia,982.0,1129.0,6,UEFA,16/10/2009
RSA,86,South Africa,377.0,381.0,1,CAF,20/11/2009
BRA,2,Brazil,1592.0,1632.0,1,CONMEBOL,20/11/2009
GER,6,Germany,1170.0,1161.0,1,UEFA,20/11/2009
RUS,13,Russia,1019.0,982.0,1,UEFA,20/11/2009
RSA,85,South Africa,377.0,377.0,-1,CAF,16/12/2009
BRA,2,Brazil,1568.0,1592.0,0,CONMEBOL,16/12/2009
GER,6,Germany,1173.0,1170.0,0,UEFA,16/12/2009
RUS,12,Russia,1026.0,1019.0,-1,UEFA,16/12/2009
RSA,81,South Africa,391.0,377.0,-4,CAF,03/02/2010
RUS,13,Russia,1026.0,1026.0,1,UEFA,03/02/2010
BRA,2,Brazil,1568.0,1568.0,0,CONMEBOL,03/02/2010
GER,6,Germany,1173.0,1173.0,0,UEFA,03/02/2010
RSA,81,South Africa,391.0,391.0,0,CAF,03/03/2010
RUS,12,Russia,1042.0,1026.0,-1,UEFA,03/03/2010
GER,5,Germany,1208.0,1173.0,-1,UEFA,03/03/2010
BRA,2,Brazil,1594.0,1568.0,0,CONMEBOL,03/03/2010
BRA,2,Brazil,1589.0,1594.0,0,CONMEBOL,31/03/2010
GER,6,Germany,1157.0,1208.0,1,UEFA,31/03/2010
RUS,12,Russia,1009.0,1042.0,0,UEFA,31/03/2010
RSA,88,South Africa,372.0,391.0,7,CAF,31/03/2010
GER,6,Germany,1107.0,1157.0,0,UEFA,28/04/2010
RUS,11,Russia,1003.0,1009.0,-1,UEFA,28/04/2010
BRA,1,Brazil,1611.0,1589.0,-1,CONMEBOL,28/04/2010
RSA,90,South Africa,369.0,372.0,2,CAF,28/04/2010
RUS,11,Russia,1015.0,1003.0,0,UEFA,26/05/2010
GER,6,Germany,1082.0,1107.0,0,UEFA,26/05/2010
BRA,1,Brazil,1611.0,1611.0,0,CONMEBOL,26/05/2010
RSA,83,South Africa,392.0,369.0,-7,CAF,26/05/2010
RUS,17,Russia,956.0,1015.0,6,UEFA,14/07/2010
BRA,3,Brazil,1536.0,1611.0,2,CONMEBOL,14/07/2010
GER,4,Germany,1464.0,1082.0,-2,UEFA,14/07/2010
RSA,66,South Africa,504.0,392.0,-17,CAF,14/07/2010
GER,4,Germany,1464.0,1464.0,0,UEFA,11/08/2010
RUS,16,Russia,956.0,956.0,-1,UEFA,11/08/2010
BRA,3,Brazil,1524.0,1536.0,0,CONMEBOL,11/08/2010
RSA,66,South Africa,504.0,504.0,0,CAF,11/08/2010
RSA,58,South Africa,545.0,504.0,-8,CAF,15/09/2010
BRA,4,Brazil,1480.0,1524.0,1,CONMEBOL,15/09/2010
GER,3,Germany,1490.0,1464.0,-1,UEFA,15/09/2010
RUS,25,Russia,868.0,956.0,9,UEFA,15/09/2010
RSA,52,South Africa,545.0,545.0,-6,CAF,20/10/2010
RUS,10,Russia,1061.0,868.0,-15,UEFA,20/10/2010
GER,4,Germany,1481.0,1490.0,1,UEFA,20/10/2010
BRA,3,Brazil,1493.0,1480.0,-1,CONMEBOL,20/10/2010
BRA,3,Brazil,1493.0,1493.0,0,CONMEBOL,17/11/2010
GER,4,Germany,1489.0,1481.0,0,UEFA,17/11/2010
RUS,13,Russia,1003.0,1061.0,3,UEFA,17/11/2010
RSA,50,South Africa,562.0,545.0,-2,CAF,17/11/2010
GER,3,Germany,1485.0,1489.0,-1,UEFA,15/12/2010
BRA,4,Brazil,1446.0,1493.0,1,CONMEBOL,15/12/2010
RUS,13,Russia,982.0,1003.0,0,UEFA,15/12/2010
RSA,51,South Africa,550.0,562.0,1,CAF,15/12/2010
RSA,51,South Africa,550.0,550.0,0,CAF,12/01/2011
GER,3,Germany,1485.0,1485.0,0,UEFA,12/01/2011
BRA,4,Brazil,1447.0,1447.0,0,CONMEBOL,12/01/2011
RUS,13,Russia,982.0,982.0,0,UEFA,12/01/2011
BRA,4,Brazil,1447.0,1447.0,0,CONMEBOL,02/02/2011
GER,3,Germany,1485.0,1485.0,0,UEFA,02/02/2011
RUS,12,Russia,982.0,982.0,-1,UEFA,02/02/2011
RSA,47,South Africa,562.0,550.0,-4,CAF,02/02/2011
RUS,13,Russia,956.0,982.0,1,UEFA,09/03/2011
BRA,5,Brazil,1411.0,1446.0,1,CONMEBOL,09/03/2011
GER,3,Germany,1486.0,1485.0,0,UEFA,09/03/2011
RSA,46,South Africa,566.0,562.0,-1,CAF,09/03/2011
BRA,3,Brazil,1426.0,1412.0,-1,CONMEBOL,13/04/2011
GER,4,Germany,1386.0,1486.0,1,UEFA,13/04/2011
RUS,18,Russia,896.0,956.0,5,UEFA,13/04/2011
RSA,39,South Africa,616.0,566.0,-7,CAF,13/04/2011
RUS,18,Russia,896.0,896.0,0,UEFA,18/05/2011
BRA,3,Brazil,1426.0,1426.0,0,CONMEBOL,18/05/2011
RSA,38,South Africa,653.0,616.0,-1,CAF,18/05/2011
GER,4,Germany,1413.0,1386.0,0,UEFA,18/05/2011
GER,3,Germany,1417.0,1413.0,-1,UEFA,29/06/2011
RUS,16,Russia,915.0,897.0,-2,UEFA,29/06/2011
BRA,5,Brazil,1131.0,1426.0,2,CONMEBOL,29/06/2011
RSA,47,South Africa,597.0,653.0,9,CAF,29/06/2011
BRA,4,Brazil,1202.0,1131.0,-1,CONMEBOL,27/07/2011
GER,3,Germany,1305.0,1417.0,0,UEFA,27/07/2011
RUS,18,Russia,914.0,914.0,1,UEFA,27/07/2011
RSA,49,South Africa,597.0,597.0,2,CAF,27/07/2011
GER,3,Germany,1330.0,1305.0,0,UEFA,24/08/2011
BRA,6,Brazil,1156.0,1202.0,2,CONMEBOL,24/08/2011
RUS,13,Russia,940.0,914.0,-5,UEFA,24/08/2011
RSA,47,South Africa,602.0,597.0,-2,CAF,24/08/2011
RSA,51,South Africa,574.0,602.0,4,CAF,21/09/2011
RUS,13,Russia,954.0,940.0,0,UEFA,21/09/2011
BRA,7,Brazil,1132.0,1156.0,1,CONMEBOL,21/09/2011
GER,3,Germany,1290.0,1330.0,0,UEFA,21/09/2011
RUS,13,Russia,975.0,954.0,0,UEFA,19/10/2011
BRA,5,Brazil,1144.0,1132.0,-2,CONMEBOL,19/10/2011
GER,3,Germany,1352.0,1290.0,0,UEFA,19/10/2011
RSA,49,South Africa,595.0,574.0,-2,CAF,19/10/2011
RSA,53,South Africa,577.0,595.0,4,CAF,23/11/2011
RUS,12,Russia,971.0,975.0,-1,UEFA,23/11/2011
BRA,6,Brazil,1143.0,1144.0,1,CONMEBOL,23/11/2011
GER,3,Germany,1345.0,1352.0,0,UEFA,23/11/2011
RSA,52,South Africa,577.0,577.0,-1,CAF,21/12/2011
RUS,12,Russia,971.0,971.0,0,UEFA,21/12/2011
GER,3,Germany,1345.0,1345.0,0,UEFA,21/12/2011
BRA,6,Brazil,1143.0,1143.0,0,CONMEBOL,21/12/2011
RUS,13,Russia,971.0,971.0,1,UEFA,18/01/2012
BRA,6,Brazil,1143.0,1143.0,0,CONMEBOL,18/01/2012
GER,3,Germany,1345.0,1345.0,0,UEFA,18/01/2012
RSA,56,South Africa,551.0,577.0,4,CAF,18/01/2012
RSA,58,South Africa,559.0,551.0,2,CAF,15/02/2012
GER,2,Germany,1369.0,1345.0,-1,UEFA,15/02/2012
BRA,7,Brazil,1152.0,1143.0,1,CONMEBOL,15/02/2012
RUS,13,Russia,989.0,971.0,0,UEFA,15/02/2012
GER,3,Germany,1332.0,1369.0,1,UEFA,07/03/2012
RSA,60,South Africa,549.0,559.0,2,CAF,07/03/2012
BRA,5,Brazil,1157.0,1152.0,-2,CONMEBOL,07/03/2012
RUS,12,Russia,1003.0,989.0,-1,UEFA,07/03/2012
GER,2,Germany,1345.0,1332.0,-1,UEFA,11/04/2012
RUS,11,Russia,1049.0,1003.0,-1,UEFA,11/04/2012
BRA,6,Brazil,1165.0,1157.0,1,CONMEBOL,11/04/2012
RSA,71,South Africa,482.0,549.0,11,CAF,11/04/2012
RSA,67,South Africa,500.0,482.0,-4,CAF,09/05/2012
GER,2,Germany,1345.0,1345.0,0,UEFA,09/05/2012
BRA,6,Brazil,1165.0,1165.0,0,CONMEBOL,09/05/2012
RUS,11,Russia,1049.0,1049.0,0,UEFA,09/05/2012
RSA,68,South Africa,499.0,500.0,1,CAF,06/06/2012
GER,3,Germany,1288.0,1345.0,1,UEFA,06/06/2012
BRA,5,Brazil,1155.0,1165.0,-1,CONMEBOL,06/06/2012
RUS,13,Russia,975.0,1049.0,2,UEFA,06/06/2012
RSA,68,South Africa,474.0,499.0,0,CAF,04/07/2012
RUS,13,Russia,981.0,975.0,0,UEFA,04/07/2012
BRA,11,Brazil,1012.0,1155.0,6,CONMEBOL,04/07/2012
GER,2,Germany,1502.0,1288.0,-1,UEFA,04/07/2012
RSA,67,South Africa,474.0,474.0,-1,CAF,08/08/2012
BRA,13,Brazil,991.0,1012.0,2,CONMEBOL,08/08/2012
GER,2,Germany,1474.0,1502.0,0,UEFA,08/08/2012
RUS,11,Russia,1016.0,981.0,-2,UEFA,08/08/2012
RSA,74,South Africa,448.0,474.0,7,CAF,05/09/2012
GER,2,Germany,1437.0,1474.0,0,UEFA,05/09/2012
BRA,12,Brazil,996.0,991.0,-1,CONMEBOL,05/09/2012
RUS,13,Russia,990.0,1016.0,2,UEFA,05/09/2012
GER,2,Germany,1459.0,1437.0,0,UEFA,03/10/2012
RUS,12,Russia,1014.0,990.0,-1,UEFA,03/10/2012
BRA,14,Brazil,1001.0,996.0,2,CONMEBOL,03/10/2012
RSA,76,South Africa,448.0,448.0,2,CAF,03/10/2012
GER,2,Germany,1421.0,1459.0,0,UEFA,07/11/2012
BRA,13,Brazil,994.0,1001.0,-1,CONMEBOL,07/11/2012
RUS,9,Russia,1084.0,1014.0,-3,UEFA,07/11/2012
RSA,84,South Africa,430.0,448.0,8,CAF,07/11/2012
RSA,87,South Africa,416.0,430.0,3,CAF,19/12/2012
BRA,18,Brazil,946.0,994.0,5,CONMEBOL,19/12/2012
GER,2,Germany,1437.0,1421.0,0,UEFA,19/12/2012
RUS,9,Russia,1070.0,1084.0,0,UEFA,19/12/2012
RSA,85,South Africa,423.0,416.0,-2,CAF,17/01/2013
GER,2,Germany,1437.0,1437.0,0,UEFA,17/01/2013
BRA,18,Brazil,946.0,946.0,0,CONMEBOL,17/01/2013
RUS,9,Russia,1070.0,1070.0,0,UEFA,17/01/2013
BRA,18,Brazil,924.0,946.0,0,CONMEBOL,14/02/2013
RUS,10,Russia,1055.0,1070.0,1,UEFA,14/02/2013
GER,2,Germany,1437.0,1437.0,0,UEFA,14/02/2013
RSA,60,South Africa,525.0,423.0,-25,CAF,14/02/2013
GER,2,Germany,1473.0,1437.0,0,UEFA,14/03/2013
BRA,18,Brazil,908.0,924.0,0,CONMEBOL,14/03/2013
RUS,10,Russia,1064.0,1055.0,0,UEFA,14/03/2013
RSA,60,South Africa,531.0,525.0,0,CAF,14/03/2013
GER,2,Germany,1428.0,1473.0,0,UEFA,11/04/2013
BRA,19,Brazil,909.0,908.0,1,CONMEBOL,11/04/2013
RUS,11,Russia,1052.0,1064.0,1,UEFA,11/04/2013
RSA,62,South Africa,530.0,531.0,2,CAF,11/04/2013
BRA,19,Brazil,902.0,909.0,0,CONMEBOL,09/05/2013
RSA,56,South Africa,541.0,530.0,-6,CAF,09/05/2013
GER,2,Germany,1428.0,1428.0,0,UEFA,09/05/2013
RUS,11,Russia,1052.0,1052.0,0,UEFA,09/05/2013
GER,2,Germany,1416.0,1428.0,0,UEFA,06/06/2013
RUS,11,Russia,1059.0,1052.0,0,UEFA,06/06/2013
BRA,22,Brazil,872.0,902.0,3,CONMEBOL,06/06/2013
RSA,60,South Africa,542.0,541.0,4,CAF,06/06/2013
GER,2,Germany,1273.0,1416.0,0,UEFA,04/07/2013
BRA,9,Brazil,1095.0,872.0,-13,CONMEBOL,04/07/2013
RUS,17,Russia,979.0,1059.0,6,UEFA,04/07/2013
RSA,59,South Africa,558.0,542.0,-1,CAF,04/07/2013
RSA,67,South Africa,530.0,558.0,8,CAF,08/08/2013
RUS,16,Russia,979.0,979.0,-1,UEFA,08/08/2013
BRA,9,Brazil,1089.0,1095.0,0,CONMEBOL,08/08/2013
GER,2,Germany,1257.0,1273.0,0,UEFA,08/08/2013
GER,3,Germany,1261.0,1257.0,1,UEFA,12/09/2013
BRA,8,Brazil,1067.0,1089.0,-1,CONMEBOL,12/09/2013
RUS,15,Russia,968.0,979.0,-1,UEFA,12/09/2013
RSA,68,South Africa,528.0,530.0,1,CAF,12/09/2013
RSA,61,South Africa,540.0,528.0,-7,CAF,17/10/2013
GER,2,Germany,1311.0,1261.0,-1,UEFA,17/10/2013
BRA,11,Brazil,1078.0,1067.0,3,CONMEBOL,17/10/2013
RUS,19,Russia,874.0,968.0,4,UEFA,17/10/2013
RSA,61,South Africa,554.0,540.0,0,CAF,28/11/2013
RUS,22,Russia,870.0,874.0,3,UEFA,28/11/2013
BRA,10,Brazil,1102.0,1078.0,-1,CONMEBOL,28/11/2013
GER,2,Germany,1318.0,1311.0,0,UEFA,28/11/2013
RUS,22,Russia,870.0,870.0,0,UEFA,19/12/2013
BRA,10,Brazil,1102.0,1102.0,0,CONMEBOL,19/12/2013
GER,2,Germany,1318.0,1318.0,0,UEFA,19/12/2013
RSA,62,South Africa,554.0,554.0,1,CAF,19/12/2013
RSA,54,South Africa,576.0,554.0,-8,CAF,16/01/2014
GER,2,Germany,1318.0,1318.0,0,UEFA,16/01/2014
BRA,10,Brazil,1102.0,1102.0,0,CONMEBOL,16/01/2014
RUS,22,Russia,870.0,870.0,0,UEFA,16/01/2014
BRA,9,Brazil,1125.0,1102.0,-1,CONMEBOL,13/02/2014
RUS,22,Russia,862.0,870.0,0,UEFA,13/02/2014
RSA,64,South Africa,550.0,576.0,10,CAF,13/02/2014
GER,2,Germany,1314.0,1318.0,0,UEFA,13/02/2014
GER,2,Germany,1336.0,1314.0,0,UEFA,13/03/2014
RSA,64,South Africa,536.0,550.0,0,CAF,13/03/2014
RUS,19,Russia,889.0,862.0,-3,UEFA,13/03/2014
BRA,9,Brazil,1104.0,1125.0,0,CONMEBOL,13/03/2014
BRA,6,Brazil,1174.0,1104.0,-3,CONMEBOL,10/04/2014
RUS,18,Russia,903.0,889.0,-1,UEFA,10/04/2014
RSA,66,South Africa,500.0,536.0,2,CAF,10/04/2014
GER,2,Germany,1340.0,1336.0,0,UEFA,10/04/2014
RSA,65,South Africa,507.0,500.0,-1,CAF,08/05/2014
RUS,18,Russia,903.0,903.0,0,UEFA,08/05/2014
BRA,4,Brazil,1210.0,1174.0,-2,CONMEBOL,08/05/2014
GER,2,Germany,1340.0,1340.0,0,UEFA,08/05/2014
GER,2,Germany,1300.0,1340.0,0,UEFA,05/06/2014
BRA,3,Brazil,1242.0,1210.0,-1,CONMEBOL,05/06/2014
RUS,19,Russia,893.0,903.0,1,UEFA,05/06/2014
RSA,65,South Africa,496.0,507.0,0,CAF,05/06/2014
GER,1,Germany,1724.0,1300.0,-1,UEFA,17/07/2014
BRA,7,Brazil,1241.0,1242.0,4,CONMEBOL,17/07/2014
RUS,23,Russia,897.0,893.0,4,UEFA,17/07/2014
RSA,66,South Africa,450.0,496.0,1,CAF,17/07/2014
RSA,69,South Africa,438.0,450.0,3,CAF,14/08/2014
RUS,23,Russia,899.0,897.0,0,UEFA,14/08/2014
BRA,7,Brazil,1241.0,1241.0,0,CONMEBOL,14/08/2014
GER,1,Germany,1736.0,1724.0,0,UEFA,14/08/2014
BRA,6,Brazil,1291.0,1241.0,-1,CONMEBOL,18/09/2014
RUS,23,Russia,875.0,899.0,0,UEFA,18/09/2014
GER,1,Germany,1765.0,1736.0,0,UEFA,18/09/2014
RSA,67,South Africa,458.0,438.0,-2,CAF,18/09/2014
RSA,57,South Africa,542.0,458.0,-10,CAF,23/10/2014
BRA,6,Brazil,1307.0,1291.0,0,CONMEBOL,23/10/2014
RUS,30,Russia,792.0,875.0,7,UEFA,23/10/2014
GER,1,Germany,1669.0,1765.0,0,UEFA,23/10/2014
RSA,51,South Africa,568.0,542.0,-6,CAF,27/11/2014
BRA,6,Brazil,1316.0,1307.0,0,CONMEBOL,27/11/2014
GER,1,Germany,1725.0,1669.0,0,UEFA,27/11/2014
RUS,31,Russia,789.0,792.0,1,UEFA,27/11/2014
RUS,31,Russia,789.0,789.0,0,UEFA,18/12/2014
RSA,52,South Africa,579.0,568.0,1,CAF,18/12/2014
BRA,6,Brazil,1316.0,1316.0,0,CONMEBOL,18/12/2014
GER,1,Germany,1725.0,1725.0,0,UEFA,18/12/2014
BRA,6,Brazil,1316.0,1316.0,0,CONMEBOL,08/01/2015
GER,1,Germany,1725.0,1725.0,0,UEFA,08/01/2015
RSA,52,South Africa,587.0,579.0,0,CAF,08/01/2015
RUS,31,Russia,789.0,789.0,0,UEFA,08/01/2015
RSA,56,South Africa,592.0,587.0,4,CAF,12/02/2015
BRA,6,Brazil,1333.0,1316.0,0,CONMEBOL,12/02/2015
GER,1,Germany,1729.0,1725.0,0,UEFA,12/02/2015
RUS,33,Russia,792.0,789.0,2,UEFA,12/02/2015
RSA,55,South Africa,608.0,592.0,-1,CAF,12/03/2015
RUS,33,Russia,788.0,792.0,0,UEFA,12/03/2015
GER,1,Germany,1770.0,1729.0,0,UEFA,12/03/2015
BRA,6,Brazil,1348.0,1333.0,0,CONMEBOL,12/03/2015
BRA,5,Brazil,1354.0,1348.0,-1,CONMEBOL,09/04/2015
GER,1,Germany,1687.0,1770.0,0,UEFA,09/04/2015
RUS,32,Russia,781.0,788.0,-1,UEFA,09/04/2015
RSA,60,South Africa,553.0,608.0,5,CAF,09/04/2015
RSA,59,South Africa,553.0,553.0,-1,CAF,07/05/2015
RUS,27,Russia,828.0,781.0,-5,UEFA,07/05/2015
BRA,5,Brazil,1372.0,1354.0,0,CONMEBOL,07/05/2015
GER,1,Germany,1687.0,1687.0,0,UEFA,07/05/2015
RUS,26,Russia,833.0,828.0,-1,UEFA,04/06/2015
GER,1,Germany,1775.0,1687.0,0,UEFA,04/06/2015
BRA,5,Brazil,1392.0,1372.0,0,CONMEBOL,04/06/2015
RSA,69,South Africa,515.0,553.0,10,CAF,04/06/2015
RUS,28,Russia,782.0,833.0,2,UEFA,09/07/2015
GER,2,Germany,1411.0,1775.0,1,UEFA,09/07/2015
BRA,6,Brazil,1186.0,1392.0,1,CONMEBOL,09/07/2015
RSA,70,South Africa,483.0,515.0,1,CAF,09/07/2015
RUS,31,Russia,782.0,782.0,3,UEFA,06/08/2015
GER,3,Germany,1226.0,1411.0,1,UEFA,06/08/2015
BRA,5,Brazil,1186.0,1186.0,-1,CONMEBOL,06/08/2015
RSA,72,South Africa,478.0,483.0,2,CAF,06/08/2015
GER,3,Germany,1248.0,1226.0,0,UEFA,03/09/2015
BRA,5,Brazil,1209.0,1186.0,0,CONMEBOL,03/09/2015
RSA,72,South Africa,469.0,478.0,0,CAF,03/09/2015
RUS,32,Russia,780.0,782.0,1,UEFA,03/09/2015
GER,2,Germany,1401.0,1248.0,-1,UEFA,01/10/2015
RSA,73,South Africa,465.0,469.0,1,CAF,01/10/2015
RUS,26,Russia,845.0,780.0,-6,UEFA,01/10/2015
BRA,7,Brazil,1204.0,1209.0,2,CONMEBOL,01/10/2015
RUS,23,Russia,885.0,845.0,-3,UEFA,05/11/2015
GER,2,Germany,1388.0,1401.0,0,UEFA,05/11/2015
BRA,8,Brazil,1208.0,1204.0,1,CONMEBOL,05/11/2015
RSA,75,South Africa,461.0,465.0,2,CAF,05/11/2015
RUS,24,Russia,895.0,885.0,1,UEFA,03/12/2015
GER,4,Germany,1347.0,1388.0,2,UEFA,03/12/2015
BRA,6,Brazil,1251.0,1208.0,-2,CONMEBOL,03/12/2015
RSA,72,South Africa,487.0,461.0,-3,CAF,03/12/2015
RUS,24,Russia,895.0,895.0,0,UEFA,07/01/2016
GER,4,Germany,1347.0,1347.0,0,UEFA,07/01/2016
BRA,6,Brazil,1251.0,1251.0,0,CONMEBOL,07/01/2016
RSA,74,South Africa,486.0,487.0,2,CAF,07/01/2016
RSA,73,South Africa,498.0,486.0,-1,CAF,04/02/2016
RUS,23,Russia,895.0,895.0,-1,UEFA,04/02/2016
BRA,6,Brazil,1251.0,1251.0,0,CONMEBOL,04/02/2016
GER,4,Germany,1347.0,1347.0,0,UEFA,04/02/2016
GER,4,Germany,1355.0,1347.0,0,UEFA,03/03/2016
BRA,6,Brazil,1254.0,1251.0,0,CONMEBOL,03/03/2016
RUS,23,Russia,892.0,895.0,0,UEFA,03/03/2016
RSA,70,South Africa,500.0,498.0,-3,CAF,03/03/2016
RSA,70,South Africa,507.0,500.0,0,CAF,07/04/2016
BRA,7,Brazil,1251.0,1254.0,1,CONMEBOL,07/04/2016
GER,5,Germany,1309.0,1355.0,1,UEFA,07/04/2016
RUS,27,Russia,821.0,892.0,4,UEFA,07/04/2016
RUS,27,Russia,821.0,821.0,0,UEFA,05/05/2016
GER,5,Germany,1309.0,1309.0,0,UEFA,05/05/2016
BRA,7,Brazil,1261.0,1251.0,0,CONMEBOL,05/05/2016
RSA,70,South Africa,507.0,507.0,0,CAF,05/05/2016
RUS,29,Russia,828.0,821.0,2,UEFA,02/06/2016
GER,4,Germany,1310.0,1309.0,-1,UEFA,02/06/2016
BRA,7,Brazil,1257.0,1261.0,0,CONMEBOL,02/06/2016
RSA,68,South Africa,529.0,507.0,-2,CAF,02/06/2016
RSA,67,South Africa,530.0,529.0,-1,CAF,14/07/2016
BRA,9,Brazil,1156.0,1257.0,2,CONMEBOL,14/07/2016
GER,4,Germany,1319.0,1310.0,0,UEFA,14/07/2016
RUS,38,Russia,728.0,828.0,9,UEFA,14/07/2016
RUS,38,Russia,728.0,728.0,0,UEFA,11/08/2016
GER,4,Germany,1319.0,1319.0,0,UEFA,11/08/2016
BRA,9,Brazil,1156.0,1156.0,0,CONMEBOL,11/08/2016
RSA,64,South Africa,529.0,530.0,-3,CAF,11/08/2016
RSA,62,South Africa,539.0,529.0,-2,CAF,15/09/2016
BRA,4,Brazil,1323.0,1156.0,-5,CONMEBOL,15/09/2016
GER,3,Germany,1347.0,1319.0,-1,UEFA,15/09/2016
RUS,38,Russia,685.0,728.0,0,UEFA,15/09/2016
BRA,3,Brazil,1410.0,1323.0,-1,CONMEBOL,20/10/2016
GER,2,Germany,1465.0,1347.0,-1,UEFA,20/10/2016
RUS,53,Russia,594.0,685.0,15,UEFA,20/10/2016
RSA,62,South Africa,559.0,539.0,0,CAF,20/10/2016
RSA,60,South Africa,571.0,559.0,-2,CAF,24/11/2016
RUS,55,Russia,592.0,594.0,2,UEFA,24/11/2016
GER,3,Germany,1433.0,1465.0,1,UEFA,24/11/2016
BRA,2,Brazil,1544.0,1410.0,-1,CONMEBOL,24/11/2016
RSA,60,South Africa,569.0,571.0,0,CAF,22/12/2016
RUS,56,Russia,592.0,592.0,1,UEFA,22/12/2016
GER,3,Germany,1433.0,1433.0,0,UEFA,22/12/2016
BRA,2,Brazil,1544.0,1544.0,0,CONMEBOL,22/12/2016
RSA,60,South Africa,572.0,569.0,0,CAF,12/01/2017
RUS,56,Russia,592.0,592.0,0,UEFA,12/01/2017
GER,3,Germany,1433.0,1433.0,0,UEFA,12/01/2017
BRA,2,Brazil,1544.0,1544.0,0,CONMEBOL,12/01/2017
RSA,62,South Africa,563.0,572.0,2,CAF,09/02/2017
RUS,61,Russia,592.0,592.0,5,UEFA,09/02/2017
GER,3,Germany,1433.0,1433.0,0,UEFA,09/02/2017
BRA,2,Brazil,1529.0,1544.0,0,CONMEBOL,09/02/2017
GER,3,Germany,1443.0,1433.0,0,UEFA,09/03/2017
BRA,2,Brazil,1534.0,1529.0,0,CONMEBOL,09/03/2017
RUS,60,Russia,591.0,592.0,-1,UEFA,09/03/2017
RSA,62,South Africa,567.0,563.0,0,CAF,09/03/2017
BRA,1,Brazil,1661.0,1534.0,-1,CONMEBOL,06/04/2017
GER,3,Germany,1464.0,1443.0,0,UEFA,06/04/2017
RUS,61,Russia,561.0,591.0,1,UEFA,06/04/2017
RSA,64,South Africa,539.0,567.0,2,CAF,06/04/2017
BRA,1,Brazil,1672.0,1661.0,0,CONMEBOL,04/05/2017
GER,3,Germany,1464.0,1464.0,0,UEFA,04/05/2017
RUS,61,Russia,561.0,561.0,0,UEFA,04/05/2017
RSA,64,South Africa,539.0,539.0,0,CAF,04/05/2017
RSA,65,South Africa,547.0,539.0,1,CAF,01/06/2017
RUS,63,Russia,561.0,561.0,2,UEFA,01/06/2017
GER,3,Germany,1511.0,1464.0,0,UEFA,01/06/2017
BRA,1,Brazil,1715.0,1672.0,0,CONMEBOL,01/06/2017
RSA,64,South Africa,581.0,547.0,-1,CAF,06/07/2017
RUS,62,Russia,590.0,561.0,-1,UEFA,06/07/2017
GER,1,Germany,1609.0,1511.0,-2,UEFA,06/07/2017
BRA,2,Brazil,1603.0,1715.0,1,CONMEBOL,06/07/2017
BRA,1,Brazil,1604.0,1603.0,-1,CONMEBOL,10/08/2017
RSA,66,South Africa,536.0,581.0,2,CAF,10/08/2017
RUS,62,Russia,590.0,590.0,0,UEFA,10/08/2017
GER,2,Germany,1549.0,1609.0,1,UEFA,10/08/2017
GER,1,Germany,1606.0,1549.0,-1,UEFA,14/09/2017
BRA,2,Brazil,1590.0,1604.0,1,CONMEBOL,14/09/2017
RSA,80,South Africa,423.0,536.0,14,CAF,14/09/2017
RUS,64,Russia,558.0,590.0,2,UEFA,14/09/2017
RUS,65,Russia,563.0,558.0,1,UEFA,16/10/2017
RSA,74,South Africa,473.0,423.0,-6,CAF,16/10/2017
GER,1,Germany,1631.0,1606.0,0,UEFA,16/10/2017
BRA,2,Brazil,1619.0,1590.0,0,CONMEBOL,16/10/2017
RUS,65,Russia,534.0,563.0,0,UEFA,23/11/2017
RSA,81,South Africa,434.0,473.0,7,CAF,23/11/2017
BRA,2,Brazil,1483.0,1619.0,0,CONMEBOL,23/11/2017
GER,1,Germany,1602.0,1631.0,0,UEFA,23/11/2017
BRA,2,Brazil,1483.0,1483.0,0,CONMEBOL,21/12/2017
GER,1,Germany,1602.0,1602.0,0,UEFA,21/12/2017
RSA,81,South Africa,433.0,434.0,0,CAF,21/12/2017
RUS,64,Russia,534.0,534.0,-1,UEFA,21/12/2017
GER,1,Germany,1602.0,1602.0,0,UEFA,18/01/2018
BRA,2,Brazil,1483.0,1483.0,0,CONMEBOL,18/01/2018
RSA,78,South Africa,436.0,433.0,-3,CAF,18/01/2018
RUS,62,Russia,534.0,534.0,-2,UEFA,18/01/2018
BRA,2,Brazil,1484.0,1483.0,0,CONMEBOL,15/02/2018
GER,1,Germany,1602.0,1602.0,0,UEFA,15/02/2018
RSA,77,South Africa,435.0,436.0,-1,CAF,15/02/2018
RUS,61,Russia,534.0,534.0,-1,UEFA,15/02/2018
RUS,63,Russia,531.0,534.0,2,UEFA,15/03/2018
RSA,76,South Africa,440.0,435.0,-1,CAF,15/03/2018
BRA,2,Brazil,1489.0,1484.0,0,CONMEBOL,15/03/2018
GER,1,Germany,1609.0,1602.0,0,UEFA,15/03/2018
RSA,72,South Africa,433.0,440.0,-4,CAF,12/04/2018
RUS,66,Russia,493.0,531.0,3,UEFA,12/04/2018
BRA,2,Brazil,1384.0,1489.0,0,CONMEBOL,12/04/2018
GER,1,Germany,1533.0,1609.0,0,UEFA,12/04/2018
GER,1,Germany,1544.0,1533.0,0,UEFA,17/05/2018
BRA,2,Brazil,1384.0,1384.0,0,CONMEBOL,17/05/2018
RUS,66,Russia,493.0,493.0,0,UEFA,17/05/2018
RSA,72,South Africa,432.0,433.0,0,CAF,17/05/2018
RSA,74,South Africa,428.0,432.0,2,CAF,07/06/2018
RUS,70,Russia,457.0,493.0,4,UEFA,07/06/2018
GER,1,Germany,1558.0,1544.0,0,UEFA,07/06/2018
BRA,2,Brazil,1431.0,1384.0,0,CONMEBOL,07/06/2018
BRA,4,Brazil,2160.0,2151.0,1,CONMEBOL,01/07/2018
GER,1,Germany,2172.0,2187.0,0,UEFA,01/07/2018
RSA,71,South Africa,1623.0,1621.0,-1,CAF,01/07/2018
RUS,49,Russia,1758.0,1707.0,-12,UEFA,01/07/2018
RUS,49,Russia,1410.0,1340.0,-21,UEFA,16/08/2018
BRA,3,Brazil,1657.0,1596.0,1,CONMEBOL,16/08/2018
GER,15,Germany,1561.0,1600.0,14,UEFA,16/08/2018
RSA,74,South Africa,1327.0,1324.0,0,CAF,16/08/2018
RSA,73,South Africa,1325.0,1327.0,-1,CAF,20/09/2018
GER,12,Germany,1568.0,1561.0,-3,UEFA,20/09/2018
BRA,3,Brazil,1663.0,1657.0,0,CONMEBOL,20/09/2018
RUS,46,Russia,1423.0,1410.0,-3,UEFA,20/09/2018
RUS,41,Russia,1433.0,1423.0,-5,UEFA,25/10/2018
BRA,3,Brazil,1669.0,1663.0,0,CONMEBOL,25/10/2018
GER,14,Germany,1555.0,1568.0,2,UEFA,25/10/2018
RSA,73,South Africa,1321.0,1325.0,0,CAF,25/10/2018
GER,16,Germany,1558.0,1555.0,2,UEFA,29/11/2018
RUS,48,Russia,1424.0,1433.0,7,UEFA,29/11/2018
BRA,3,Brazil,1676.0,1669.0,0,CONMEBOL,29/11/2018
RSA,72,South Africa,1325.0,1321.0,-1,CAF,29/11/2018
RSA,72,South Africa,1325.0,1325.0,0,CAF,20/12/2018
GER,16,Germany,1558.0,1558.0,0,UEFA,20/12/2018
RUS,48,Russia,1424.0,1424.0,0,UEFA,20/12/2018
BRA,3,Brazil,1676.0,1676.0,0,CONMEBOL,20/12/2018
BRA,3,Brazil,1676.0,1676.0,0,CONMEBOL,07/02/2019
RUS,50,Russia,1424.0,1424.0,2,UEFA,07/02/2019
GER,16,Germany,1558.0,1558.0,0,UEFA,07/02/2019
RSA,74,South Africa,1325.0,1325.0,2,CAF,07/02/2019
RSA,73,South Africa,1335.0,1325.0,-1,CAF,04/04/2019
RUS,46,Russia,1425.0,1424.0,-4,UEFA,04/04/2019
GER,13,Germany,1570.0,1558.0,-3,UEFA,04/04/2019
BRA,3,Brazil,1676.0,1676.0,0,CONMEBOL,04/04/2019
GER,11,Germany,1582.0,1570.0,-2,UEFA,14/06/2019
BRA,3,Brazil,1681.0,1676.0,0,CONMEBOL,14/06/2019
RUS,43,Russia,1436.0,1425.0,-3,UEFA,14/06/2019
RSA,72,South Africa,1335.0,1335.0,-1,CAF,14/06/2019
RUS,46,Russia,1436.0,1436.0,3,UEFA,25/07/2019
BRA,2,Brazil,1726.0,1681.0,-1,CONMEBOL,25/07/2019
GER,15,Germany,1582.0,1582.0,4,UEFA,25/07/2019
RSA,70,South Africa,1338.0,1335.0,-2,CAF,25/07/2019
RSA,71,South Africa,1331.0,1338.0,1,CAF,19/09/2019
GER,16,Germany,1580.0,1582.0,1,UEFA,19/09/2019
BRA,3,Brazil,1719.0,1726.0,1,CONMEBOL,19/09/2019
RUS,42,Russia,1455.0,1436.0,-4,UEFA,19/09/2019
RSA,72,South Africa,1337.0,1331.0,1,CAF,24/10/2019
GER,16,Germany,1586.0,1580.0,0,UEFA,24/10/2019
BRA,3,Brazil,1715.0,1719.0,0,CONMEBOL,24/10/2019
RUS,37,Russia,1474.0,1455.0,-5,UEFA,24/10/2019
GER,15,Germany,1602.0,1586.0,-1,UEFA,28/11/2019
RUS,38,Russia,1470.0,1474.0,1,UEFA,28/11/2019
BRA,3,Brazil,1712.0,1715.0,0,CONMEBOL,28/11/2019
RSA,72,South Africa,1334.0,1337.0,0,CAF,28/11/2019
RSA,71,South Africa,1334.0,1334.0,-1,CAF,19/12/2019
GER,15,Germany,1602.0,1602.0,0,UEFA,19/12/2019
BRA,3,Brazil,1712.0,1712.0,0,CONMEBOL,19/12/2019
RUS,38,Russia,1470.0,1470.0,0,UEFA,19/12/2019
RSA,71,South Africa,1334.0,1334.0,0,CAF,20/02/2020
RUS,38,Russia,1470.0,1470.0,0,UEFA,20/02/2020
GER,15,Germany,1602.0,1602.0,0,UEFA,20/02/2020
BRA,3,Brazil,1712.0,1712.0,0,CONMEBOL,20/02/2020
RSA,71,South Africa,1334.0,1334.0,0,CAF,09/04/2020
GER,15,Germany,1602.0,1602.0,0,UEFA,09/04/2020
BRA,3,Brazil,1712.0,1712.0,0,CONMEBOL,09/04/2020
RUS,38,Russia,1470.0,1470.0,0,UEFA,09/04/2020
RSA,71,South Africa,1334.0,1334.0,0,CAF,11/06/2020
RUS,38,Russia,1470.0,1470.0,0,UEFA,11/06/2020
GER,15,Germany,1602.0,1602.0,0,UEFA,11/06/2020
BRA,3,Brazil,1712.0,1712.0,0,CONMEBOL,11/06/2020
RSA,71,South Africa,1334.0,1334.0,0,CAF,16/07/2020
GER,15,Germany,1602.0,1602.0,0,UEFA,16/07/2020
BRA,3,Brazil,1712.0,1712.0,0,CONMEBOL,16/07/2020
RUS,38,Russia,1470.0,1470.0,0,UEFA,16/07/2020
GER,14,Germany,1602.0,1602.0,-1,UEFA,17/09/2020
BRA,3,Brazil,1712.0,1712.0,0,CONMEBOL,17/09/2020
RSA,71,South Africa,1334.0,1334.0,0,CAF,17/09/2020
RUS,32,Russia,1485.0,1470.0,-6,UEFA,17/09/2020
RUS,34,Russia,1480.0,1485.0,2,UEFA,22/10/2020
GER,14,Germany,1607.0,1602.0,0,UEFA,22/10/2020
BRA,3,Brazil,1725.0,1712.0,0,CONMEBOL,22/10/2020
RSA,72,South Africa,1332.0,1334.0,1,CAF,22/10/2020
RUS,39,Russia,1461.0,1480.0,5,UEFA,26/11/2020
BRA,3,Brazil,1743.0,1725.0,0,CONMEBOL,26/11/2020
GER,13,Germany,1610.0,1607.0,-1,UEFA,26/11/2020
RSA,71,South Africa,1341.0,1332.0,-1,CAF,26/11/2020
RSA,71,South Africa,1341.0,1341.0,0,CAF,10/12/2020
RUS,39,Russia,1461.0,1461.0,0,UEFA,10/12/2020
BRA,3,Brazil,1743.0,1743.0,0,CONMEBOL,10/12/2020
GER,13,Germany,1610.0,1610.0,0,UEFA,10/12/2020
RUS,39,Russia,1461.0,1461.0,0,UEFA,18/02/2021
RSA,71,South Africa,1341.0,1341.0,0,CAF,18/02/2021
GER,13,Germany,1610.0,1610.0,0,UEFA,18/02/2021
BRA,3,Brazil,1743.0,1743.0,0,CONMEBOL,18/02/2021
RSA,75,South Africa,1325.64,1341.0,4,CAF,07/04/2021
BRA,3,Brazil,1742.65,1743.0,0,CONMEBOL,07/04/2021
RUS,38,Russia,1462.65,1461.0,-1,UEFA,07/04/2021
GER,12,Germany,1609.12,1610.0,-1,UEFA,07/04/2021
GER,12,Germany,1609.12,1609.12,0,UEFA,27/05/2021
BRA,3,Brazil,1742.65,1742.65,0,CONMEBOL,27/05/2021
RUS,38,Russia,1462.65,1462.65,0,UEFA,27/05/2021
RSA,75,South Africa,1325.64,1325.64,0,CAF,27/05/2021
BRA,2,Brazil,1797.67,1742.65,-1,CONMEBOL,12/08/2021
RUS,41,Russia,1462.24,1462.65,3,UEFA,12/08/2021
GER,16,Germany,1613.29,1609.12,4,UEFA,12/08/2021
RSA,73,South Africa,1337.77,1325.64,-2,CAF,12/08/2021
RSA,73,South Africa,1348.6,1337.77,0,CAF,16/09/2021
GER,14,Germany,1627.8,1613.29,-2,UEFA,16/09/2021
RUS,37,Russia,1475.43,1462.24,-4,UEFA,16/09/2021
BRA,2,Brazil,1811.73,1797.67,0,CONMEBOL,16/09/2021
BRA,2,Brazil,1820.36,1811.73,0,CONMEBOL,21/10/2021
RUS,33,Russia,1497.45,1475.43,-4,UEFA,21/10/2021
GER,12,Germany,1642.47,1627.8,-2,UEFA,21/10/2021
RSA,66,South Africa,1361.97,1348.6,-7,CAF,21/10/2021
RSA,68,South Africa,1358.24,1361.97,2,CAF,19/11/2021
GER,11,Germany,1648.33,1642.47,-1,UEFA,19/11/2021
BRA,2,Brazil,1826.35,1820.36,0,CONMEBOL,19/11/2021
RUS,34,Russia,1493.42,1497.45,1,UEFA,19/11/2021
RUS,34,Russia,1493.42,1493.42,0,UEFA,23/12/2021
BRA,2,Brazil,1826.35,1826.35,0,CONMEBOL,23/12/2021
GER,12,Germany,1648.33,1648.33,1,UEFA,23/12/2021
RSA,68,South Africa,1358.24,1358.24,0,CAF,23/12/2021
RSA,68,South Africa,1358.24,1358.24,0,CAF,10/02/2022
GER,11,Germany,1648.33,1648.33,-1,UEFA,10/02/2022
BRA,2,Brazil,1823.42,1826.35,0,CONMEBOL,10/02/2022
RUS,35,Russia,1493.42,1493.42,1,UEFA,10/02/2022
RUS,36,Russia,1493.42,1493.42,1,UEFA,31/03/2022
GER,12,Germany,1650.53,1648.33,1,UEFA,31/03/2022
BRA,1,Brazil,1832.69,1823.42,-1,CONMEBOL,31/03/2022
RSA,69,South Africa,1356.01,1358.24,1,CAF,31/03/2022
RSA,68,South Africa,1347.91,1356.01,-1,CAF,23/06/2022
GER,11,Germany,1658.96,1650.53,-1,UEFA,23/06/2022
RUS,35,Russia,1493.42,1493.42,-1,UEFA,23/06/2022
BRA,1,Brazil,1837.56,1832.69,0,CONMEBOL,23/06/2022
BRA,1,Brazil,1837.56,1837.56,0,CONMEBOL,25/08/2022
RUS,35,Russia,1493.42,1493.42,0,UEFA,25/08/2022
GER,11,Germany,1658.96,1658.96,0,UEFA,25/08/2022
RSA,68,South Africa,1350.55,1347.91,0,CAF,25/08/2022
BRA,1,Brazil,1841.3,1837.56,0,CONMEBOL,06/10/2022
RUS,33,Russia,1496.11,1493.42,-2,UEFA,06/10/2022
GER,11,Germany,1650.21,1658.96,0,UEFA,06/10/2022
RSA,67,South Africa,1349.59,1350.55,-1,CAF,06/10/2022
