id,utc_created,utc_updated,country,country_code,indicator_code,indicator,value,year
1,10:52.7,10:52.7,Afghanistan,AFG,68606,"GII: Gender Inequality Index, value",0.743,2005
2,10:52.7,10:52.7,Afghanistan,AFG,68606,"GII: Gender Inequality Index, value",0.72,2010
3,10:52.7,10:52.7,Afghanistan,AFG,68606,"GII: Gender Inequality Index, value",0.705,2013
4,10:52.7,10:52.7,Albania,ALB,68606,"GII: Gender Inequality Index, value",0.661,1995
5,10:52.7,10:52.7,Albania,ALB,68606,"GII: Gender Inequality Index, value",0.367,2005
6,10:52.7,10:52.7,Albania,ALB,68606,"GII: Gender Inequality Index, value",0.269,2010
7,10:52.7,10:52.7,Albania,ALB,68606,"GII: Gender Inequality Index, value",0.245,2013
8,10:52.7,10:52.7,United Arab Emirates,ARE,68606,"GII: Gender Inequality Index, value",0.658,1995
9,10:52.7,10:52.7,United Arab Emirates,ARE,68606,"GII: Gender Inequality Index, value",0.625,2000
10,10:52.7,10:52.7,United Arab Emirates,ARE,68606,"GII: Gender Inequality Index, value",0.604,2005
11,10:52.7,10:52.7,United Arab Emirates,ARE,68606,"GII: Gender Inequality Index, value",0.234,2010
12,10:52.7,10:52.7,United Arab Emirates,ARE,68606,"GII: Gender Inequality Index, value",0.244,2013
13,10:52.7,10:52.7,Argentina,ARG,68606,"GII: Gender Inequality Index, value",0.428,1995
14,10:52.7,10:52.7,Argentina,ARG,68606,"GII: Gender Inequality Index, value",0.425,2000
15,10:52.7,10:52.7,Argentina,ARG,68606,"GII: Gender Inequality Index, value",0.381,2005
16,10:52.7,10:52.7,Argentina,ARG,68606,"GII: Gender Inequality Index, value",0.384,2010
17,10:52.7,10:52.7,Argentina,ARG,68606,"GII: Gender Inequality Index, value",0.381,2013
18,10:52.7,10:52.7,Armenia,ARM,68606,"GII: Gender Inequality Index, value",0.462,1995
19,10:52.7,10:52.7,Armenia,ARM,68606,"GII: Gender Inequality Index, value",0.458,2000
20,10:52.7,10:52.7,Armenia,ARM,68606,"GII: Gender Inequality Index, value",0.392,2005
21,10:52.7,10:52.7,Armenia,ARM,68606,"GII: Gender Inequality Index, value",0.337,2010
22,10:52.7,10:52.7,Armenia,ARM,68606,"GII: Gender Inequality Index, value",0.325,2013
23,10:52.7,10:52.7,Australia,AUS,68606,"GII: Gender Inequality Index, value",0.199,1995
24,10:52.7,10:52.7,Australia,AUS,68606,"GII: Gender Inequality Index, value",0.158,2000
25,10:52.7,10:52.7,Australia,AUS,68606,"GII: Gender Inequality Index, value",0.139,2005
26,10:52.7,10:52.7,Australia,AUS,68606,"GII: Gender Inequality Index, value",0.134,2010
27,10:52.7,10:52.7,Australia,AUS,68606,"GII: Gender Inequality Index, value",0.113,2013
28,10:52.7,10:52.7,Austria,AUT,68606,"GII: Gender Inequality Index, value",0.188,1995
29,10:52.7,10:52.7,Austria,AUT,68606,"GII: Gender Inequality Index, value",0.16,2000
30,10:52.7,10:52.7,Austria,AUT,68606,"GII: Gender Inequality Index, value",0.129,2005
31,10:52.7,10:52.7,Austria,AUT,68606,"GII: Gender Inequality Index, value",0.121,2010
32,10:52.7,10:52.7,Austria,AUT,68606,"GII: Gender Inequality Index, value",0.056,2013
33,10:52.7,10:52.7,Azerbaijan,AZE,68606,"GII: Gender Inequality Index, value",0.34,2013
34,10:52.7,10:52.7,Burundi,BDI,68606,"GII: Gender Inequality Index, value",0.597,2000
35,10:52.7,10:52.7,Burundi,BDI,68606,"GII: Gender Inequality Index, value",0.532,2005
36,10:52.7,10:52.7,Burundi,BDI,68606,"GII: Gender Inequality Index, value",0.506,2010
37,10:52.7,10:52.7,Burundi,BDI,68606,"GII: Gender Inequality Index, value",0.501,2013
38,10:52.7,10:52.7,Belgium,BEL,68606,"GII: Gender Inequality Index, value",0.162,1995
39,10:52.7,10:52.7,Belgium,BEL,68606,"GII: Gender Inequality Index, value",0.123,2000
40,10:52.7,10:52.7,Belgium,BEL,68606,"GII: Gender Inequality Index, value",0.104,2005
41,10:52.7,10:52.7,Belgium,BEL,68606,"GII: Gender Inequality Index, value",0.093,2010
42,10:52.7,10:52.7,Belgium,BEL,68606,"GII: Gender Inequality Index, value",0.068,2013
43,10:52.7,10:52.7,Benin,BEN,68606,"GII: Gender Inequality Index, value",0.691,1995
44,10:52.7,10:52.7,Benin,BEN,68606,"GII: Gender Inequality Index, value",0.65,2005
45,10:52.7,10:52.7,Benin,BEN,68606,"GII: Gender Inequality Index, value",0.61,2010
46,10:52.7,10:52.7,Benin,BEN,68606,"GII: Gender Inequality Index, value",0.614,2013
47,10:52.7,10:52.7,Burkina Faso,BFA,68606,"GII: Gender Inequality Index, value",0.607,2013
48,10:52.7,10:52.7,Bangladesh,BGD,68606,"GII: Gender Inequality Index, value",0.666,1995
49,10:52.7,10:52.7,Bangladesh,BGD,68606,"GII: Gender Inequality Index, value",0.587,2005
50,10:52.7,10:52.7,Bangladesh,BGD,68606,"GII: Gender Inequality Index, value",0.539,2010
51,10:52.7,10:52.7,Bangladesh,BGD,68606,"GII: Gender Inequality Index, value",0.529,2013
52,10:52.7,10:52.7,Bulgaria,BGR,68606,"GII: Gender Inequality Index, value",0.359,1995
53,10:52.7,10:52.7,Bulgaria,BGR,68606,"GII: Gender Inequality Index, value",0.222,2005
54,10:52.7,10:52.7,Bulgaria,BGR,68606,"GII: Gender Inequality Index, value",0.23,2010
55,10:52.7,10:52.7,Bulgaria,BGR,68606,"GII: Gender Inequality Index, value",0.207,2013
56,10:52.7,10:52.7,Bahrain,BHR,68606,"GII: Gender Inequality Index, value",0.34,2005
57,10:52.7,10:52.7,Bahrain,BHR,68606,"GII: Gender Inequality Index, value",0.272,2010
58,10:52.7,10:52.7,Bahrain,BHR,68606,"GII: Gender Inequality Index, value",0.253,2013
59,10:52.7,10:52.7,Bahamas,BHS,68606,"GII: Gender Inequality Index, value",0.316,2013
60,10:52.7,10:52.7,Bosnia and Herzegovina,BIH,68606,"GII: Gender Inequality Index, value",0.201,2013
61,10:52.7,10:52.7,Belarus,BLR,68606,"GII: Gender Inequality Index, value",0.152,2013
62,10:52.7,10:52.7,Belize,BLZ,68606,"GII: Gender Inequality Index, value",0.481,1995
63,10:52.7,10:52.7,Belize,BLZ,68606,"GII: Gender Inequality Index, value",0.525,2000
64,10:52.7,10:52.7,Belize,BLZ,68606,"GII: Gender Inequality Index, value",0.489,2005
65,10:52.7,10:52.7,Belize,BLZ,68606,"GII: Gender Inequality Index, value",0.452,2010
66,10:52.7,10:52.7,Belize,BLZ,68606,"GII: Gender Inequality Index, value",0.435,2013
67,10:52.7,10:52.7,Bolivia (Plurinational State of),BOL,68606,"GII: Gender Inequality Index, value",0.788,1995
68,10:52.7,10:52.7,Bolivia (Plurinational State of),BOL,68606,"GII: Gender Inequality Index, value",0.576,2000
69,10:52.7,10:52.7,Bolivia (Plurinational State of),BOL,68606,"GII: Gender Inequality Index, value",0.542,2005
70,10:52.7,10:52.7,Bolivia (Plurinational State of),BOL,68606,"GII: Gender Inequality Index, value",0.478,2010
71,10:52.7,10:52.7,Bolivia (Plurinational State of),BOL,68606,"GII: Gender Inequality Index, value",0.472,2013
72,10:52.7,10:52.7,Brazil,BRA,68606,"GII: Gender Inequality Index, value",0.517,1995
73,10:52.7,10:52.7,Brazil,BRA,68606,"GII: Gender Inequality Index, value",0.515,2000
74,10:52.7,10:52.7,Brazil,BRA,68606,"GII: Gender Inequality Index, value",0.473,2005
75,10:52.7,10:52.7,Brazil,BRA,68606,"GII: Gender Inequality Index, value",0.446,2010
76,10:52.7,10:52.7,Brazil,BRA,68606,"GII: Gender Inequality Index, value",0.441,2013
77,10:52.7,10:52.7,Barbados,BRB,68606,"GII: Gender Inequality Index, value",0.357,1995
78,10:52.7,10:52.7,Barbados,BRB,68606,"GII: Gender Inequality Index, value",0.358,2000
79,10:52.7,10:52.7,Barbados,BRB,68606,"GII: Gender Inequality Index, value",0.349,2005
80,10:52.7,10:52.7,Barbados,BRB,68606,"GII: Gender Inequality Index, value",0.357,2010
81,10:52.7,10:52.7,Barbados,BRB,68606,"GII: Gender Inequality Index, value",0.35,2013
82,10:52.7,10:52.7,Bhutan,BTN,68606,"GII: Gender Inequality Index, value",0.495,2013
83,10:52.7,10:52.7,Botswana,BWA,68606,"GII: Gender Inequality Index, value",0.544,1995
84,10:52.7,10:52.7,Botswana,BWA,68606,"GII: Gender Inequality Index, value",0.529,2000
85,10:52.7,10:52.7,Botswana,BWA,68606,"GII: Gender Inequality Index, value",0.535,2005
86,10:52.7,10:52.7,Botswana,BWA,68606,"GII: Gender Inequality Index, value",0.497,2010
87,10:52.7,10:52.7,Botswana,BWA,68606,"GII: Gender Inequality Index, value",0.486,2013
88,10:52.7,10:52.7,Central African Republic,CAF,68606,"GII: Gender Inequality Index, value",0.74,1995
89,10:52.7,10:52.7,Central African Republic,CAF,68606,"GII: Gender Inequality Index, value",0.682,2005
90,10:52.7,10:52.7,Central African Republic,CAF,68606,"GII: Gender Inequality Index, value",0.654,2013
91,10:52.7,10:52.7,Canada,CAN,68606,"GII: Gender Inequality Index, value",0.184,1995
92,10:52.7,10:52.7,Canada,CAN,68606,"GII: Gender Inequality Index, value",0.141,2005
93,10:52.7,10:52.7,Canada,CAN,68606,"GII: Gender Inequality Index, value",0.139,2010
94,10:52.7,10:52.7,Canada,CAN,68606,"GII: Gender Inequality Index, value",0.136,2013
95,10:52.7,10:52.7,Switzerland,CHE,68606,"GII: Gender Inequality Index, value",0.117,1995
96,10:52.7,10:52.7,Switzerland,CHE,68606,"GII: Gender Inequality Index, value",0.1,2000
97,10:52.7,10:52.7,Switzerland,CHE,68606,"GII: Gender Inequality Index, value",0.084,2005
98,10:52.7,10:52.7,Switzerland,CHE,68606,"GII: Gender Inequality Index, value",0.067,2010
99,10:52.7,10:52.7,Switzerland,CHE,68606,"GII: Gender Inequality Index, value",0.03,2013
100,10:52.7,10:52.7,Chile,CHL,68606,"GII: Gender Inequality Index, value",0.478,1995
101,10:52.7,10:52.7,Chile,CHL,68606,"GII: Gender Inequality Index, value",0.437,2000
102,10:52.7,10:52.7,Chile,CHL,68606,"GII: Gender Inequality Index, value",0.396,2005
103,10:52.7,10:52.7,Chile,CHL,68606,"GII: Gender Inequality Index, value",0.363,2010
104,10:52.7,10:52.7,Chile,CHL,68606,"GII: Gender Inequality Index, value",0.355,2013
105,10:52.7,10:52.7,China,CHN,68606,"GII: Gender Inequality Index, value",0.252,1995
106,10:52.7,10:52.7,China,CHN,68606,"GII: Gender Inequality Index, value",0.572,2000
107,10:52.7,10:52.7,China,CHN,68606,"GII: Gender Inequality Index, value",0.219,2005
108,10:52.7,10:52.7,China,CHN,68606,"GII: Gender Inequality Index, value",0.209,2010
109,10:52.7,10:52.7,China,CHN,68606,"GII: Gender Inequality Index, value",0.202,2013
110,10:52.7,10:52.7,Cameroon,CMR,68606,"GII: Gender Inequality Index, value",0.702,1995
111,10:52.7,10:52.7,Cameroon,CMR,68606,"GII: Gender Inequality Index, value",0.666,2005
112,10:52.7,10:52.7,Cameroon,CMR,68606,"GII: Gender Inequality Index, value",0.635,2010
113,10:52.7,10:52.7,Cameroon,CMR,68606,"GII: Gender Inequality Index, value",0.622,2013
114,10:52.7,10:52.7,Congo (Democratic Republic of the),COD,68606,"GII: Gender Inequality Index, value",0.673,2005
115,10:52.7,10:52.7,Congo (Democratic Republic of the),COD,68606,"GII: Gender Inequality Index, value",0.672,2010
116,10:52.7,10:52.7,Congo (Democratic Republic of the),COD,68606,"GII: Gender Inequality Index, value",0.669,2013
117,10:52.7,10:52.7,Congo,COG,68606,"GII: Gender Inequality Index, value",0.613,2000
118,10:52.7,10:52.7,Congo,COG,68606,"GII: Gender Inequality Index, value",0.618,2005
119,10:52.7,10:52.7,Congo,COG,68606,"GII: Gender Inequality Index, value",0.62,2010
120,10:52.7,10:52.7,Congo,COG,68606,"GII: Gender Inequality Index, value",0.617,2013
121,10:52.7,10:52.7,Colombia,COL,68606,"GII: Gender Inequality Index, value",0.552,1995
122,10:52.7,10:52.7,Colombia,COL,68606,"GII: Gender Inequality Index, value",0.522,2000
123,10:52.7,10:52.7,Colombia,COL,68606,"GII: Gender Inequality Index, value",0.506,2005
124,10:52.7,10:52.7,Colombia,COL,68606,"GII: Gender Inequality Index, value",0.466,2010
125,10:52.7,10:52.7,Colombia,COL,68606,"GII: Gender Inequality Index, value",0.46,2013
126,10:52.7,10:52.7,Costa Rica,CRI,68606,"GII: Gender Inequality Index, value",0.466,1995
127,10:52.7,10:52.7,Costa Rica,CRI,68606,"GII: Gender Inequality Index, value",0.446,2000
128,10:52.7,10:52.7,Costa Rica,CRI,68606,"GII: Gender Inequality Index, value",0.391,2005
129,10:52.7,10:52.7,Costa Rica,CRI,68606,"GII: Gender Inequality Index, value",0.351,2010
130,10:52.7,10:52.7,Costa Rica,CRI,68606,"GII: Gender Inequality Index, value",0.344,2013
131,10:52.7,10:52.7,Cuba,CUB,68606,"GII: Gender Inequality Index, value",0.435,1995
132,10:52.7,10:52.7,Cuba,CUB,68606,"GII: Gender Inequality Index, value",0.419,2000
133,10:52.7,10:52.7,Cuba,CUB,68606,"GII: Gender Inequality Index, value",0.379,2005
134,10:52.7,10:52.7,Cuba,CUB,68606,"GII: Gender Inequality Index, value",0.361,2010
135,10:52.7,10:52.7,Cuba,CUB,68606,"GII: Gender Inequality Index, value",0.35,2013
136,10:52.7,10:52.7,Cyprus,CYP,68606,"GII: Gender Inequality Index, value",0.347,1995
137,10:52.7,10:52.7,Cyprus,CYP,68606,"GII: Gender Inequality Index, value",0.15,2005
138,10:52.7,10:52.7,Cyprus,CYP,68606,"GII: Gender Inequality Index, value",0.138,2010
139,10:52.7,10:52.7,Cyprus,CYP,68606,"GII: Gender Inequality Index, value",0.136,2013
140,10:52.7,10:52.7,Czech Republic,CZE,68606,"GII: Gender Inequality Index, value",0.253,1995
141,10:52.7,10:52.7,Czech Republic,CZE,68606,"GII: Gender Inequality Index, value",0.205,2000
142,10:52.7,10:52.7,Czech Republic,CZE,68606,"GII: Gender Inequality Index, value",0.153,2005
143,10:52.7,10:52.7,Czech Republic,CZE,68606,"GII: Gender Inequality Index, value",0.136,2010
144,10:52.7,10:52.7,Czech Republic,CZE,68606,"GII: Gender Inequality Index, value",0.087,2013
145,10:52.7,10:52.7,Germany,DEU,68606,"GII: Gender Inequality Index, value",0.16,1995
146,10:52.7,10:52.7,Germany,DEU,68606,"GII: Gender Inequality Index, value",0.132,2000
147,10:52.7,10:52.7,Germany,DEU,68606,"GII: Gender Inequality Index, value",0.117,2005
148,10:52.7,10:52.7,Germany,DEU,68606,"GII: Gender Inequality Index, value",0.097,2010
149,10:52.7,10:52.7,Germany,DEU,68606,"GII: Gender Inequality Index, value",0.046,2013
150,10:52.7,10:52.7,Denmark,DNK,68606,"GII: Gender Inequality Index, value",0.138,1995
151,10:52.7,10:52.7,Denmark,DNK,68606,"GII: Gender Inequality Index, value",0.079,2000
152,10:52.7,10:52.7,Denmark,DNK,68606,"GII: Gender Inequality Index, value",0.068,2005
153,10:52.7,10:52.7,Denmark,DNK,68606,"GII: Gender Inequality Index, value",0.068,2010
154,10:52.7,10:52.7,Denmark,DNK,68606,"GII: Gender Inequality Index, value",0.056,2013
155,10:52.7,10:52.7,Dominican Republic,DOM,68606,"GII: Gender Inequality Index, value",0.572,1995
156,10:52.7,10:52.7,Dominican Republic,DOM,68606,"GII: Gender Inequality Index, value",0.524,2000
157,10:52.7,10:52.7,Dominican Republic,DOM,68606,"GII: Gender Inequality Index, value",0.514,2005
158,10:52.7,10:52.7,Dominican Republic,DOM,68606,"GII: Gender Inequality Index, value",0.506,2010
159,10:52.7,10:52.7,Dominican Republic,DOM,68606,"GII: Gender Inequality Index, value",0.505,2013
160,10:52.7,10:52.7,Algeria,DZA,68606,"GII: Gender Inequality Index, value",0.594,1995
161,10:52.7,10:52.7,Algeria,DZA,68606,"GII: Gender Inequality Index, value",0.621,2000
162,10:52.7,10:52.7,Algeria,DZA,68606,"GII: Gender Inequality Index, value",0.552,2005
163,10:52.7,10:52.7,Algeria,DZA,68606,"GII: Gender Inequality Index, value",0.505,2010
164,10:52.7,10:52.7,Algeria,DZA,68606,"GII: Gender Inequality Index, value",0.425,2013
165,10:52.7,10:52.7,Ecuador,ECU,68606,"GII: Gender Inequality Index, value",0.598,1995
166,10:52.7,10:52.7,Ecuador,ECU,68606,"GII: Gender Inequality Index, value",0.507,2000
167,10:52.7,10:52.7,Ecuador,ECU,68606,"GII: Gender Inequality Index, value",0.485,2005
168,10:52.7,10:52.7,Ecuador,ECU,68606,"GII: Gender Inequality Index, value",0.447,2010
169,10:52.7,10:52.7,Ecuador,ECU,68606,"GII: Gender Inequality Index, value",0.429,2013
170,10:52.7,10:52.7,Egypt,EGY,68606,"GII: Gender Inequality Index, value",0.692,1995
171,10:52.7,10:52.7,Egypt,EGY,68606,"GII: Gender Inequality Index, value",0.66,2000
172,10:52.7,10:52.7,Egypt,EGY,68606,"GII: Gender Inequality Index, value",0.604,2005
173,10:52.7,10:52.7,Egypt,EGY,68606,"GII: Gender Inequality Index, value",0.58,2013
174,10:52.7,10:52.7,Spain,ESP,68606,"GII: Gender Inequality Index, value",0.157,1995
175,10:52.7,10:52.7,Spain,ESP,68606,"GII: Gender Inequality Index, value",0.119,2000
176,10:52.7,10:52.7,Spain,ESP,68606,"GII: Gender Inequality Index, value",0.118,2005
177,10:52.7,10:52.7,Spain,ESP,68606,"GII: Gender Inequality Index, value",0.113,2010
178,10:52.7,10:52.7,Spain,ESP,68606,"GII: Gender Inequality Index, value",0.1,2013
179,10:52.7,10:52.7,Estonia,EST,68606,"GII: Gender Inequality Index, value",0.391,1995
180,10:52.7,10:52.7,Estonia,EST,68606,"GII: Gender Inequality Index, value",0.29,2000
181,10:52.7,10:52.7,Estonia,EST,68606,"GII: Gender Inequality Index, value",0.241,2005
182,10:52.7,10:52.7,Estonia,EST,68606,"GII: Gender Inequality Index, value",0.154,2013
183,10:52.7,10:52.7,Ethiopia,ETH,68606,"GII: Gender Inequality Index, value",0.547,2013
184,10:52.7,10:52.7,Finland,FIN,68606,"GII: Gender Inequality Index, value",0.103,1995
185,10:52.7,10:52.7,Finland,FIN,68606,"GII: Gender Inequality Index, value",0.088,2000
186,10:52.7,10:52.7,Finland,FIN,68606,"GII: Gender Inequality Index, value",0.089,2005
187,10:52.7,10:52.7,Finland,FIN,68606,"GII: Gender Inequality Index, value",0.077,2010
188,10:52.7,10:52.7,Finland,FIN,68606,"GII: Gender Inequality Index, value",0.075,2013
189,10:52.7,10:52.7,Fiji,FJI,68606,"GII: Gender Inequality Index, value",0.468,1995
190,10:52.7,10:52.7,Fiji,FJI,68606,"GII: Gender Inequality Index, value",0.387,2005
191,10:52.7,10:52.7,France,FRA,68606,"GII: Gender Inequality Index, value",0.211,1995
192,10:52.7,10:52.7,France,FRA,68606,"GII: Gender Inequality Index, value",0.182,2000
193,10:52.7,10:52.7,France,FRA,68606,"GII: Gender Inequality Index, value",0.157,2005
194,10:52.7,10:52.7,France,FRA,68606,"GII: Gender Inequality Index, value",0.125,2010
195,10:52.7,10:52.7,France,FRA,68606,"GII: Gender Inequality Index, value",0.08,2013
196,10:52.7,10:52.7,Gabon,GAB,68606,"GII: Gender Inequality Index, value",0.571,1995
197,10:52.7,10:52.7,Gabon,GAB,68606,"GII: Gender Inequality Index, value",0.547,2005
198,10:52.7,10:52.7,Gabon,GAB,68606,"GII: Gender Inequality Index, value",0.517,2010
199,10:52.7,10:52.7,Gabon,GAB,68606,"GII: Gender Inequality Index, value",0.508,2013
200,10:52.7,10:52.7,United Kingdom,GBR,68606,"GII: Gender Inequality Index, value",0.242,1995
201,10:52.7,10:52.7,United Kingdom,GBR,68606,"GII: Gender Inequality Index, value",0.228,2000
202,10:52.7,10:52.7,United Kingdom,GBR,68606,"GII: Gender Inequality Index, value",0.216,2005
203,10:52.7,10:52.7,United Kingdom,GBR,68606,"GII: Gender Inequality Index, value",0.197,2010
204,10:52.7,10:52.7,United Kingdom,GBR,68606,"GII: Gender Inequality Index, value",0.193,2013
205,10:52.7,10:52.7,Ghana,GHA,68606,"GII: Gender Inequality Index, value",0.632,1995
206,10:52.7,10:52.7,Ghana,GHA,68606,"GII: Gender Inequality Index, value",0.582,2005
207,10:52.7,10:52.7,Ghana,GHA,68606,"GII: Gender Inequality Index, value",0.569,2010
208,10:52.7,10:52.7,Ghana,GHA,68606,"GII: Gender Inequality Index, value",0.549,2013
209,10:52.7,10:52.7,Gambia,GMB,68606,"GII: Gender Inequality Index, value",0.736,1995
210,10:52.7,10:52.7,Gambia,GMB,68606,"GII: Gender Inequality Index, value",0.718,2000
211,10:52.7,10:52.7,Gambia,GMB,68606,"GII: Gender Inequality Index, value",0.614,2005
212,10:52.7,10:52.7,Gambia,GMB,68606,"GII: Gender Inequality Index, value",0.623,2010
213,10:52.7,10:52.7,Gambia,GMB,68606,"GII: Gender Inequality Index, value",0.624,2013
214,10:52.7,10:52.7,Greece,GRC,68606,"GII: Gender Inequality Index, value",0.283,1995
215,10:52.7,10:52.7,Greece,GRC,68606,"GII: Gender Inequality Index, value",0.179,2005
216,10:52.7,10:52.7,Greece,GRC,68606,"GII: Gender Inequality Index, value",0.16,2010
217,10:52.7,10:52.7,Greece,GRC,68606,"GII: Gender Inequality Index, value",0.146,2013
218,10:52.7,10:52.7,Guatemala,GTM,68606,"GII: Gender Inequality Index, value",0.578,1995
219,10:52.7,10:52.7,Guatemala,GTM,68606,"GII: Gender Inequality Index, value",0.577,2005
220,10:52.7,10:52.7,Guatemala,GTM,68606,"GII: Gender Inequality Index, value",0.547,2010
221,10:52.7,10:52.7,Guatemala,GTM,68606,"GII: Gender Inequality Index, value",0.523,2013
222,10:52.7,10:52.7,Guyana,GUY,68606,"GII: Gender Inequality Index, value",0.752,1995
223,10:52.7,10:52.7,Guyana,GUY,68606,"GII: Gender Inequality Index, value",0.528,2000
224,10:52.7,10:52.7,Guyana,GUY,68606,"GII: Gender Inequality Index, value",0.531,2005
225,10:52.7,10:52.7,Guyana,GUY,68606,"GII: Gender Inequality Index, value",0.536,2010
226,10:52.7,10:52.7,Guyana,GUY,68606,"GII: Gender Inequality Index, value",0.524,2013
227,10:52.7,10:52.7,Honduras,HND,68606,"GII: Gender Inequality Index, value",0.787,1995
228,10:52.7,10:52.7,Honduras,HND,68606,"GII: Gender Inequality Index, value",0.516,2005
229,10:52.7,10:52.7,Honduras,HND,68606,"GII: Gender Inequality Index, value",0.504,2010
230,10:52.7,10:52.7,Honduras,HND,68606,"GII: Gender Inequality Index, value",0.482,2013
231,10:52.7,10:52.7,Croatia,HRV,68606,"GII: Gender Inequality Index, value",0.288,1995
232,10:52.7,10:52.7,Croatia,HRV,68606,"GII: Gender Inequality Index, value",0.208,2000
233,10:52.7,10:52.7,Croatia,HRV,68606,"GII: Gender Inequality Index, value",0.194,2005
234,10:52.7,10:52.7,Croatia,HRV,68606,"GII: Gender Inequality Index, value",0.184,2010
235,10:52.7,10:52.7,Croatia,HRV,68606,"GII: Gender Inequality Index, value",0.172,2013
236,10:52.7,10:52.7,Haiti,HTI,68606,"GII: Gender Inequality Index, value",0.668,1995
237,10:52.7,10:52.7,Haiti,HTI,68606,"GII: Gender Inequality Index, value",0.574,2005
238,10:52.7,10:52.7,Haiti,HTI,68606,"GII: Gender Inequality Index, value",0.596,2010
239,10:52.7,10:52.7,Haiti,HTI,68606,"GII: Gender Inequality Index, value",0.599,2013
240,10:52.7,10:52.7,Hungary,HUN,68606,"GII: Gender Inequality Index, value",0.333,1995
241,10:52.7,10:52.7,Hungary,HUN,68606,"GII: Gender Inequality Index, value",0.234,2005
242,10:52.7,10:52.7,Hungary,HUN,68606,"GII: Gender Inequality Index, value",0.281,2010
243,10:52.7,10:52.7,Hungary,HUN,68606,"GII: Gender Inequality Index, value",0.247,2013
244,10:52.7,10:52.7,Indonesia,IDN,68606,"GII: Gender Inequality Index, value",0.593,1995
245,10:52.7,10:52.7,Indonesia,IDN,68606,"GII: Gender Inequality Index, value",0.551,2005
246,10:52.7,10:52.7,Indonesia,IDN,68606,"GII: Gender Inequality Index, value",0.508,2010
247,10:52.7,10:52.7,Indonesia,IDN,68606,"GII: Gender Inequality Index, value",0.5,2013
248,10:52.7,10:52.7,India,IND,68606,"GII: Gender Inequality Index, value",0.687,1995
249,10:52.7,10:52.7,India,IND,68606,"GII: Gender Inequality Index, value",0.621,2005
250,10:52.7,10:52.7,India,IND,68606,"GII: Gender Inequality Index, value",0.59,2010
251,10:52.7,10:52.7,India,IND,68606,"GII: Gender Inequality Index, value",0.563,2013
252,10:52.7,10:52.7,Ireland,IRL,68606,"GII: Gender Inequality Index, value",0.203,1995
253,10:52.7,10:52.7,Ireland,IRL,68606,"GII: Gender Inequality Index, value",0.204,2000
254,10:52.7,10:52.7,Ireland,IRL,68606,"GII: Gender Inequality Index, value",0.195,2005
255,10:52.7,10:52.7,Ireland,IRL,68606,"GII: Gender Inequality Index, value",0.169,2010
256,10:52.7,10:52.7,Ireland,IRL,68606,"GII: Gender Inequality Index, value",0.115,2013
257,10:52.7,10:52.7,Iran (Islamic Republic of),IRN,68606,"GII: Gender Inequality Index, value",0.68,1995
258,10:52.7,10:52.7,Iran (Islamic Republic of),IRN,68606,"GII: Gender Inequality Index, value",0.622,2000
259,10:52.7,10:52.7,Iran (Islamic Republic of),IRN,68606,"GII: Gender Inequality Index, value",0.527,2005
260,10:52.7,10:52.7,Iran (Islamic Republic of),IRN,68606,"GII: Gender Inequality Index, value",0.535,2010
261,10:52.7,10:52.7,Iran (Islamic Republic of),IRN,68606,"GII: Gender Inequality Index, value",0.51,2013
262,10:52.7,10:52.7,Iraq,IRQ,68606,"GII: Gender Inequality Index, value",0.658,1995
263,10:52.7,10:52.7,Iraq,IRQ,68606,"GII: Gender Inequality Index, value",0.797,2005
264,10:52.7,10:52.7,Iraq,IRQ,68606,"GII: Gender Inequality Index, value",0.548,2010
265,10:52.7,10:52.7,Iraq,IRQ,68606,"GII: Gender Inequality Index, value",0.542,2013
266,10:52.7,10:52.7,Iceland,ISL,68606,"GII: Gender Inequality Index, value",0.161,1995
267,10:52.7,10:52.7,Iceland,ISL,68606,"GII: Gender Inequality Index, value",0.14,2000
268,10:52.7,10:52.7,Iceland,ISL,68606,"GII: Gender Inequality Index, value",0.121,2005
269,10:52.7,10:52.7,Iceland,ISL,68606,"GII: Gender Inequality Index, value",0.096,2010
270,10:52.7,10:52.7,Iceland,ISL,68606,"GII: Gender Inequality Index, value",0.088,2013
271,10:52.7,10:52.7,Israel,ISR,68606,"GII: Gender Inequality Index, value",0.242,1995
272,10:52.7,10:52.7,Israel,ISR,68606,"GII: Gender Inequality Index, value",0.192,2000
273,10:52.7,10:52.7,Israel,ISR,68606,"GII: Gender Inequality Index, value",0.171,2005
274,10:52.7,10:52.7,Israel,ISR,68606,"GII: Gender Inequality Index, value",0.143,2010
275,10:52.7,10:52.7,Israel,ISR,68606,"GII: Gender Inequality Index, value",0.101,2013
276,10:52.7,10:52.7,Italy,ITA,68606,"GII: Gender Inequality Index, value",0.201,1995
277,10:52.7,10:52.7,Italy,ITA,68606,"GII: Gender Inequality Index, value",0.184,2000
278,10:52.7,10:52.7,Italy,ITA,68606,"GII: Gender Inequality Index, value",0.175,2005
279,10:52.7,10:52.7,Italy,ITA,68606,"GII: Gender Inequality Index, value",0.123,2010
280,10:52.7,10:52.7,Italy,ITA,68606,"GII: Gender Inequality Index, value",0.067,2013
281,10:52.7,10:52.7,Jamaica,JAM,68606,"GII: Gender Inequality Index, value",0.451,1995
282,10:52.7,10:52.7,Jamaica,JAM,68606,"GII: Gender Inequality Index, value",0.457,2000
283,10:52.7,10:52.7,Jamaica,JAM,68606,"GII: Gender Inequality Index, value",0.465,2005
284,10:52.7,10:52.7,Jamaica,JAM,68606,"GII: Gender Inequality Index, value",0.463,2010
285,10:52.7,10:52.7,Jamaica,JAM,68606,"GII: Gender Inequality Index, value",0.457,2013
286,10:52.7,10:52.7,Jordan,JOR,68606,"GII: Gender Inequality Index, value",0.678,1995
287,10:52.7,10:52.7,Jordan,JOR,68606,"GII: Gender Inequality Index, value",0.639,2000
288,10:52.7,10:52.7,Jordan,JOR,68606,"GII: Gender Inequality Index, value",0.572,2005
289,10:52.7,10:52.7,Jordan,JOR,68606,"GII: Gender Inequality Index, value",0.502,2010
290,10:52.7,10:52.7,Jordan,JOR,68606,"GII: Gender Inequality Index, value",0.488,2013
291,10:52.7,10:52.7,Japan,JPN,68606,"GII: Gender Inequality Index, value",0.156,1995
292,10:52.7,10:52.7,Japan,JPN,68606,"GII: Gender Inequality Index, value",0.136,2000
293,10:52.7,10:52.7,Japan,JPN,68606,"GII: Gender Inequality Index, value",0.149,2005
294,10:52.7,10:52.7,Japan,JPN,68606,"GII: Gender Inequality Index, value",0.122,2010
295,10:52.7,10:52.7,Japan,JPN,68606,"GII: Gender Inequality Index, value",0.138,2013
296,10:52.7,10:52.7,Kazakhstan,KAZ,68606,"GII: Gender Inequality Index, value",0.445,1995
297,10:52.7,10:52.7,Kazakhstan,KAZ,68606,"GII: Gender Inequality Index, value",0.407,2000
298,10:52.7,10:52.7,Kazakhstan,KAZ,68606,"GII: Gender Inequality Index, value",0.369,2005
299,10:52.7,10:52.7,Kazakhstan,KAZ,68606,"GII: Gender Inequality Index, value",0.338,2010
300,10:52.7,10:52.7,Kazakhstan,KAZ,68606,"GII: Gender Inequality Index, value",0.323,2013
301,10:52.7,10:52.7,Kenya,KEN,68606,"GII: Gender Inequality Index, value",0.694,1995
302,10:52.7,10:52.7,Kenya,KEN,68606,"GII: Gender Inequality Index, value",0.682,2000
303,10:52.7,10:52.7,Kenya,KEN,68606,"GII: Gender Inequality Index, value",0.642,2005
304,10:52.7,10:52.7,Kenya,KEN,68606,"GII: Gender Inequality Index, value",0.606,2010
305,10:52.7,10:52.7,Kenya,KEN,68606,"GII: Gender Inequality Index, value",0.548,2013
306,10:52.7,10:52.7,Kyrgyzstan,KGZ,68606,"GII: Gender Inequality Index, value",0.52,1995
307,10:52.7,10:52.7,Kyrgyzstan,KGZ,68606,"GII: Gender Inequality Index, value",0.49,2000
308,10:52.7,10:52.7,Kyrgyzstan,KGZ,68606,"GII: Gender Inequality Index, value",0.676,2005
309,10:52.7,10:52.7,Kyrgyzstan,KGZ,68606,"GII: Gender Inequality Index, value",0.349,2010
310,10:52.7,10:52.7,Kyrgyzstan,KGZ,68606,"GII: Gender Inequality Index, value",0.348,2013
311,10:52.7,10:52.7,Cambodia,KHM,68606,"GII: Gender Inequality Index, value",0.644,1995
312,10:52.7,10:52.7,Cambodia,KHM,68606,"GII: Gender Inequality Index, value",0.599,2000
313,10:52.7,10:52.7,Cambodia,KHM,68606,"GII: Gender Inequality Index, value",0.552,2005
314,10:52.7,10:52.7,Cambodia,KHM,68606,"GII: Gender Inequality Index, value",0.494,2010
315,10:52.7,10:52.7,Cambodia,KHM,68606,"GII: Gender Inequality Index, value",0.505,2013
316,10:52.7,10:52.7,Korea (Republic of),KOR,68606,"GII: Gender Inequality Index, value",0.274,1995
317,10:52.7,10:52.7,Korea (Republic of),KOR,68606,"GII: Gender Inequality Index, value",0.116,2005
318,10:52.7,10:52.7,Korea (Republic of),KOR,68606,"GII: Gender Inequality Index, value",0.102,2010
319,10:52.7,10:52.7,Korea (Republic of),KOR,68606,"GII: Gender Inequality Index, value",0.101,2013
320,10:52.7,10:52.7,Kuwait,KWT,68606,"GII: Gender Inequality Index, value",0.572,1995
321,10:52.7,10:52.7,Kuwait,KWT,68606,"GII: Gender Inequality Index, value",0.581,2000
322,10:52.7,10:52.7,Kuwait,KWT,68606,"GII: Gender Inequality Index, value",0.373,2005
323,10:52.7,10:52.7,Kuwait,KWT,68606,"GII: Gender Inequality Index, value",0.264,2010
324,10:52.7,10:52.7,Kuwait,KWT,68606,"GII: Gender Inequality Index, value",0.288,2013
325,10:52.7,10:52.7,Lao People's Democratic Republic,LAO,68606,"GII: Gender Inequality Index, value",0.827,1995
326,10:52.7,10:52.7,Lao People's Democratic Republic,LAO,68606,"GII: Gender Inequality Index, value",0.604,2000
327,10:52.7,10:52.7,Lao People's Democratic Republic,LAO,68606,"GII: Gender Inequality Index, value",0.568,2005
328,10:52.7,10:52.7,Lao People's Democratic Republic,LAO,68606,"GII: Gender Inequality Index, value",0.542,2010
329,10:52.7,10:52.7,Lao People's Democratic Republic,LAO,68606,"GII: Gender Inequality Index, value",0.534,2013
330,10:52.7,10:52.7,Lebanon,LBN,68606,"GII: Gender Inequality Index, value",0.413,2013
331,10:52.7,10:52.7,Liberia,LBR,68606,"GII: Gender Inequality Index, value",0.848,1995
332,10:52.7,10:52.7,Liberia,LBR,68606,"GII: Gender Inequality Index, value",0.688,2000
333,10:52.7,10:52.7,Liberia,LBR,68606,"GII: Gender Inequality Index, value",0.675,2005
334,10:52.7,10:52.7,Liberia,LBR,68606,"GII: Gender Inequality Index, value",0.657,2010
335,10:52.7,10:52.7,Liberia,LBR,68606,"GII: Gender Inequality Index, value",0.655,2013
336,10:52.7,10:52.7,Libya,LBY,68606,"GII: Gender Inequality Index, value",0.681,1995
337,10:52.7,10:52.7,Libya,LBY,68606,"GII: Gender Inequality Index, value",0.339,2005
338,10:52.7,10:52.7,Libya,LBY,68606,"GII: Gender Inequality Index, value",0.279,2010
339,10:52.7,10:52.7,Libya,LBY,68606,"GII: Gender Inequality Index, value",0.215,2013
340,10:52.7,10:52.7,Sri Lanka,LKA,68606,"GII: Gender Inequality Index, value",0.476,1995
341,10:52.7,10:52.7,Sri Lanka,LKA,68606,"GII: Gender Inequality Index, value",0.445,2005
342,10:52.7,10:52.7,Sri Lanka,LKA,68606,"GII: Gender Inequality Index, value",0.408,2010
343,10:52.7,10:52.7,Sri Lanka,LKA,68606,"GII: Gender Inequality Index, value",0.383,2013
344,10:52.7,10:52.7,Lesotho,LSO,68606,"GII: Gender Inequality Index, value",0.58,1995
345,10:52.7,10:52.7,Lesotho,LSO,68606,"GII: Gender Inequality Index, value",0.6,2000
346,10:52.7,10:52.7,Lesotho,LSO,68606,"GII: Gender Inequality Index, value",0.582,2005
347,10:52.7,10:52.7,Lesotho,LSO,68606,"GII: Gender Inequality Index, value",0.561,2010
348,10:52.7,10:52.7,Lesotho,LSO,68606,"GII: Gender Inequality Index, value",0.557,2013
349,10:52.7,10:52.7,Lithuania,LTU,68606,"GII: Gender Inequality Index, value",0.303,1995
350,10:52.7,10:52.7,Lithuania,LTU,68606,"GII: Gender Inequality Index, value",0.193,2005
351,10:52.7,10:52.7,Lithuania,LTU,68606,"GII: Gender Inequality Index, value",0.167,2010
352,10:52.7,10:52.7,Lithuania,LTU,68606,"GII: Gender Inequality Index, value",0.116,2013
353,10:52.7,10:52.7,Luxembourg,LUX,68606,"GII: Gender Inequality Index, value",0.189,1995
354,10:52.7,10:52.7,Luxembourg,LUX,68606,"GII: Gender Inequality Index, value",0.169,2000
355,10:52.7,10:52.7,Luxembourg,LUX,68606,"GII: Gender Inequality Index, value",0.176,2005
356,10:52.7,10:52.7,Luxembourg,LUX,68606,"GII: Gender Inequality Index, value",0.178,2010
357,10:52.7,10:52.7,Luxembourg,LUX,68606,"GII: Gender Inequality Index, value",0.154,2013
358,10:52.7,10:52.7,Latvia,LVA,68606,"GII: Gender Inequality Index, value",0.416,1995
359,10:52.7,10:52.7,Latvia,LVA,68606,"GII: Gender Inequality Index, value",0.3,2000
360,10:52.7,10:52.7,Latvia,LVA,68606,"GII: Gender Inequality Index, value",0.214,2005
361,10:52.7,10:52.7,Latvia,LVA,68606,"GII: Gender Inequality Index, value",0.252,2010
362,10:52.7,10:52.7,Latvia,LVA,68606,"GII: Gender Inequality Index, value",0.222,2013
363,10:52.7,10:52.7,Morocco,MAR,68606,"GII: Gender Inequality Index, value",0.691,1995
364,10:52.7,10:52.7,Morocco,MAR,68606,"GII: Gender Inequality Index, value",0.664,2000
365,10:52.7,10:52.7,Morocco,MAR,68606,"GII: Gender Inequality Index, value",0.513,2005
366,10:52.7,10:52.7,Morocco,MAR,68606,"GII: Gender Inequality Index, value",0.486,2010
367,10:52.7,10:52.7,Morocco,MAR,68606,"GII: Gender Inequality Index, value",0.46,2013
368,10:52.7,10:52.7,Moldova (Republic of),MDA,68606,"GII: Gender Inequality Index, value",0.48,1995
369,10:52.7,10:52.7,Moldova (Republic of),MDA,68606,"GII: Gender Inequality Index, value",0.311,2005
370,10:52.7,10:52.7,Moldova (Republic of),MDA,68606,"GII: Gender Inequality Index, value",0.32,2010
371,10:52.7,10:52.7,Moldova (Republic of),MDA,68606,"GII: Gender Inequality Index, value",0.302,2013
372,10:52.7,10:52.7,Maldives,MDV,68606,"GII: Gender Inequality Index, value",0.668,1995
373,10:52.7,10:52.7,Maldives,MDV,68606,"GII: Gender Inequality Index, value",0.424,2005
374,10:52.7,10:52.7,Maldives,MDV,68606,"GII: Gender Inequality Index, value",0.35,2010
375,10:52.7,10:52.7,Maldives,MDV,68606,"GII: Gender Inequality Index, value",0.283,2013
376,10:52.7,10:52.7,Mexico,MEX,68606,"GII: Gender Inequality Index, value",0.505,1995
377,10:52.7,10:52.7,Mexico,MEX,68606,"GII: Gender Inequality Index, value",0.494,2000
378,10:52.7,10:52.7,Mexico,MEX,68606,"GII: Gender Inequality Index, value",0.428,2005
379,10:52.7,10:52.7,Mexico,MEX,68606,"GII: Gender Inequality Index, value",0.407,2010
380,10:52.7,10:52.7,Mexico,MEX,68606,"GII: Gender Inequality Index, value",0.376,2013
381,10:52.7,10:52.7,The former Yugoslav Republic of Macedonia,MKD,68606,"GII: Gender Inequality Index, value",0.162,2013
382,10:52.7,10:52.7,Mali,MLI,68606,"GII: Gender Inequality Index, value",0.719,1995
383,10:52.7,10:52.7,Mali,MLI,68606,"GII: Gender Inequality Index, value",0.707,2000
384,10:52.7,10:52.7,Mali,MLI,68606,"GII: Gender Inequality Index, value",0.706,2005
385,10:52.7,10:52.7,Mali,MLI,68606,"GII: Gender Inequality Index, value",0.686,2010
386,10:52.7,10:52.7,Mali,MLI,68606,"GII: Gender Inequality Index, value",0.673,2013
387,10:52.7,10:52.7,Malta,MLT,68606,"GII: Gender Inequality Index, value",0.328,1995
388,10:52.7,10:52.7,Malta,MLT,68606,"GII: Gender Inequality Index, value",0.27,2005
389,10:52.7,10:52.7,Malta,MLT,68606,"GII: Gender Inequality Index, value",0.267,2010
390,10:52.7,10:52.7,Malta,MLT,68606,"GII: Gender Inequality Index, value",0.22,2013
391,10:52.7,10:52.7,Myanmar,MMR,68606,"GII: Gender Inequality Index, value",0.459,2010
392,10:52.7,10:52.7,Myanmar,MMR,68606,"GII: Gender Inequality Index, value",0.43,2013
393,10:52.7,10:52.7,Mongolia,MNG,68606,"GII: Gender Inequality Index, value",0.326,1995
394,10:52.7,10:52.7,Mongolia,MNG,68606,"GII: Gender Inequality Index, value",0.401,2005
395,10:52.7,10:52.7,Mongolia,MNG,68606,"GII: Gender Inequality Index, value",0.406,2010
396,10:52.7,10:52.7,Mongolia,MNG,68606,"GII: Gender Inequality Index, value",0.32,2013
397,10:52.7,10:52.7,Mozambique,MOZ,68606,"GII: Gender Inequality Index, value",0.692,1995
398,10:52.7,10:52.7,Mozambique,MOZ,68606,"GII: Gender Inequality Index, value",0.672,2000
399,10:52.7,10:52.7,Mozambique,MOZ,68606,"GII: Gender Inequality Index, value",0.683,2005
400,10:52.7,10:52.7,Mozambique,MOZ,68606,"GII: Gender Inequality Index, value",0.666,2010
401,10:52.7,10:52.7,Mozambique,MOZ,68606,"GII: Gender Inequality Index, value",0.657,2013
402,10:52.7,10:52.7,Mauritania,MRT,68606,"GII: Gender Inequality Index, value",0.823,1995
403,10:52.7,10:52.7,Mauritania,MRT,68606,"GII: Gender Inequality Index, value",0.763,2000
404,10:52.7,10:52.7,Mauritania,MRT,68606,"GII: Gender Inequality Index, value",0.651,2010
405,10:52.7,10:52.7,Mauritania,MRT,68606,"GII: Gender Inequality Index, value",0.644,2013
406,10:52.7,10:52.7,Mauritius,MUS,68606,"GII: Gender Inequality Index, value",0.485,1995
407,10:52.7,10:52.7,Mauritius,MUS,68606,"GII: Gender Inequality Index, value",0.356,2005
408,10:52.7,10:52.7,Mauritius,MUS,68606,"GII: Gender Inequality Index, value",0.381,2010
409,10:52.7,10:52.7,Mauritius,MUS,68606,"GII: Gender Inequality Index, value",0.375,2013
410,10:52.7,10:52.7,Malawi,MWI,68606,"GII: Gender Inequality Index, value",0.721,1995
411,10:52.7,10:52.7,Malawi,MWI,68606,"GII: Gender Inequality Index, value",0.654,2005
412,10:52.7,10:52.7,Malawi,MWI,68606,"GII: Gender Inequality Index, value",0.599,2010
413,10:52.7,10:52.7,Malawi,MWI,68606,"GII: Gender Inequality Index, value",0.591,2013
414,10:52.7,10:52.7,Malaysia,MYS,68606,"GII: Gender Inequality Index, value",0.365,1995
415,10:52.7,10:52.7,Malaysia,MYS,68606,"GII: Gender Inequality Index, value",0.31,2000
416,10:52.7,10:52.7,Malaysia,MYS,68606,"GII: Gender Inequality Index, value",0.29,2005
417,10:52.7,10:52.7,Malaysia,MYS,68606,"GII: Gender Inequality Index, value",0.269,2010
418,10:52.7,10:52.7,Malaysia,MYS,68606,"GII: Gender Inequality Index, value",0.21,2013
419,10:52.7,10:52.7,Namibia,NAM,68606,"GII: Gender Inequality Index, value",0.515,1995
420,10:52.7,10:52.7,Namibia,NAM,68606,"GII: Gender Inequality Index, value",0.519,2000
421,10:52.7,10:52.7,Namibia,NAM,68606,"GII: Gender Inequality Index, value",0.503,2005
422,10:52.7,10:52.7,Namibia,NAM,68606,"GII: Gender Inequality Index, value",0.471,2010
423,10:52.7,10:52.7,Namibia,NAM,68606,"GII: Gender Inequality Index, value",0.45,2013
424,10:52.7,10:52.7,Niger,NER,68606,"GII: Gender Inequality Index, value",0.835,1995
425,10:52.7,10:52.7,Niger,NER,68606,"GII: Gender Inequality Index, value",0.818,2000
426,10:52.7,10:52.7,Niger,NER,68606,"GII: Gender Inequality Index, value",0.729,2005
427,10:52.7,10:52.7,Niger,NER,68606,"GII: Gender Inequality Index, value",0.709,2013
428,10:52.7,10:52.7,Nicaragua,NIC,68606,"GII: Gender Inequality Index, value",0.632,1995
429,10:52.7,10:52.7,Nicaragua,NIC,68606,"GII: Gender Inequality Index, value",0.528,2005
430,10:52.7,10:52.7,Nicaragua,NIC,68606,"GII: Gender Inequality Index, value",0.505,2010
431,10:52.7,10:52.7,Nicaragua,NIC,68606,"GII: Gender Inequality Index, value",0.458,2013
432,10:52.7,10:52.7,Netherlands,NLD,68606,"GII: Gender Inequality Index, value",0.09,1995
433,10:52.7,10:52.7,Netherlands,NLD,68606,"GII: Gender Inequality Index, value",0.078,2000
434,10:52.7,10:52.7,Netherlands,NLD,68606,"GII: Gender Inequality Index, value",0.069,2005
435,10:52.7,10:52.7,Netherlands,NLD,68606,"GII: Gender Inequality Index, value",0.05,2010
436,10:52.7,10:52.7,Netherlands,NLD,68606,"GII: Gender Inequality Index, value",0.057,2013
437,10:52.7,10:52.7,Norway,NOR,68606,"GII: Gender Inequality Index, value",0.122,1995
438,10:52.7,10:52.7,Norway,NOR,68606,"GII: Gender Inequality Index, value",0.106,2000
439,10:52.7,10:52.7,Norway,NOR,68606,"GII: Gender Inequality Index, value",0.085,2005
440,10:52.7,10:52.7,Norway,NOR,68606,"GII: Gender Inequality Index, value",0.075,2010
441,10:52.7,10:52.7,Norway,NOR,68606,"GII: Gender Inequality Index, value",0.068,2013
442,10:52.7,10:52.7,Nepal,NPL,68606,"GII: Gender Inequality Index, value",0.71,1995
443,10:52.7,10:52.7,Nepal,NPL,68606,"GII: Gender Inequality Index, value",0.658,2000
444,10:52.7,10:52.7,Nepal,NPL,68606,"GII: Gender Inequality Index, value",0.63,2005
445,10:52.7,10:52.7,Nepal,NPL,68606,"GII: Gender Inequality Index, value",0.496,2010
446,10:52.7,10:52.7,Nepal,NPL,68606,"GII: Gender Inequality Index, value",0.479,2013
447,10:52.7,10:52.7,New Zealand,NZL,68606,"GII: Gender Inequality Index, value",0.212,1995
448,10:52.7,10:52.7,New Zealand,NZL,68606,"GII: Gender Inequality Index, value",0.191,2000
449,10:52.7,10:52.7,New Zealand,NZL,68606,"GII: Gender Inequality Index, value",0.193,2005
450,10:52.7,10:52.7,New Zealand,NZL,68606,"GII: Gender Inequality Index, value",0.198,2010
451,10:52.7,10:52.7,New Zealand,NZL,68606,"GII: Gender Inequality Index, value",0.185,2013
452,10:52.7,10:52.7,Oman,OMN,68606,"GII: Gender Inequality Index, value",0.348,2013
453,10:52.7,10:52.7,Pakistan,PAK,68606,"GII: Gender Inequality Index, value",0.784,1995
454,10:52.7,10:52.7,Pakistan,PAK,68606,"GII: Gender Inequality Index, value",0.613,2005
455,10:52.7,10:52.7,Pakistan,PAK,68606,"GII: Gender Inequality Index, value",0.561,2010
456,10:52.7,10:52.7,Pakistan,PAK,68606,"GII: Gender Inequality Index, value",0.563,2013
457,10:52.7,10:52.7,Panama,PAN,68606,"GII: Gender Inequality Index, value",0.532,1995
458,10:52.7,10:52.7,Panama,PAN,68606,"GII: Gender Inequality Index, value",0.486,2005
459,10:52.7,10:52.7,Panama,PAN,68606,"GII: Gender Inequality Index, value",0.511,2010
460,10:52.7,10:52.7,Panama,PAN,68606,"GII: Gender Inequality Index, value",0.506,2013
461,10:52.7,10:52.7,Peru,PER,68606,"GII: Gender Inequality Index, value",0.535,1995
462,10:52.7,10:52.7,Peru,PER,68606,"GII: Gender Inequality Index, value",0.442,2005
463,10:52.7,10:52.7,Peru,PER,68606,"GII: Gender Inequality Index, value",0.384,2010
464,10:52.7,10:52.7,Peru,PER,68606,"GII: Gender Inequality Index, value",0.387,2013
465,10:52.7,10:52.7,Philippines,PHL,68606,"GII: Gender Inequality Index, value",0.493,1995
466,10:52.7,10:52.7,Philippines,PHL,68606,"GII: Gender Inequality Index, value",0.477,2000
467,10:52.7,10:52.7,Philippines,PHL,68606,"GII: Gender Inequality Index, value",0.458,2005
468,10:52.7,10:52.7,Philippines,PHL,68606,"GII: Gender Inequality Index, value",0.43,2010
469,10:52.7,10:52.7,Philippines,PHL,68606,"GII: Gender Inequality Index, value",0.406,2013
470,10:52.7,10:52.7,Papua New Guinea,PNG,68606,"GII: Gender Inequality Index, value",0.662,1995
471,10:52.7,10:52.7,Papua New Guinea,PNG,68606,"GII: Gender Inequality Index, value",0.664,2000
472,10:52.7,10:52.7,Papua New Guinea,PNG,68606,"GII: Gender Inequality Index, value",0.686,2005
473,10:52.7,10:52.7,Papua New Guinea,PNG,68606,"GII: Gender Inequality Index, value",0.674,2010
474,10:52.7,10:52.7,Papua New Guinea,PNG,68606,"GII: Gender Inequality Index, value",0.617,2013
475,10:52.7,10:52.7,Poland,POL,68606,"GII: Gender Inequality Index, value",0.267,1995
476,10:52.7,10:52.7,Poland,POL,68606,"GII: Gender Inequality Index, value",0.208,2000
477,10:52.7,10:52.7,Poland,POL,68606,"GII: Gender Inequality Index, value",0.16,2005
478,10:52.7,10:52.7,Poland,POL,68606,"GII: Gender Inequality Index, value",0.164,2010
479,10:52.7,10:52.7,Poland,POL,68606,"GII: Gender Inequality Index, value",0.139,2013
480,10:52.7,10:52.7,Portugal,PRT,68606,"GII: Gender Inequality Index, value",0.22,1995
481,10:52.7,10:52.7,Portugal,PRT,68606,"GII: Gender Inequality Index, value",0.189,2000
482,10:52.7,10:52.7,Portugal,PRT,68606,"GII: Gender Inequality Index, value",0.17,2005
483,10:52.7,10:52.7,Portugal,PRT,68606,"GII: Gender Inequality Index, value",0.138,2010
484,10:52.7,10:52.7,Portugal,PRT,68606,"GII: Gender Inequality Index, value",0.116,2013
485,10:52.7,10:52.7,Paraguay,PRY,68606,"GII: Gender Inequality Index, value",0.56,1995
486,10:52.7,10:52.7,Paraguay,PRY,68606,"GII: Gender Inequality Index, value",0.541,2000
487,10:52.7,10:52.7,Paraguay,PRY,68606,"GII: Gender Inequality Index, value",0.518,2005
488,10:52.7,10:52.7,Paraguay,PRY,68606,"GII: Gender Inequality Index, value",0.48,2010
489,10:52.7,10:52.7,Paraguay,PRY,68606,"GII: Gender Inequality Index, value",0.457,2013
490,10:52.7,10:52.7,Qatar,QAT,68606,"GII: Gender Inequality Index, value",0.547,2010
491,10:52.7,10:52.7,Qatar,QAT,68606,"GII: Gender Inequality Index, value",0.524,2013
492,10:52.7,10:52.7,Romania,ROU,68606,"GII: Gender Inequality Index, value",0.466,1995
493,10:52.7,10:52.7,Romania,ROU,68606,"GII: Gender Inequality Index, value",0.33,2005
494,10:52.7,10:52.7,Romania,ROU,68606,"GII: Gender Inequality Index, value",0.331,2010
495,10:52.7,10:52.7,Romania,ROU,68606,"GII: Gender Inequality Index, value",0.32,2013
496,10:52.7,10:52.7,Russian Federation,RUS,68606,"GII: Gender Inequality Index, value",0.458,1995
497,10:52.7,10:52.7,Russian Federation,RUS,68606,"GII: Gender Inequality Index, value",0.425,2000
498,10:52.7,10:52.7,Russian Federation,RUS,68606,"GII: Gender Inequality Index, value",0.351,2005
499,10:52.7,10:52.7,Russian Federation,RUS,68606,"GII: Gender Inequality Index, value",0.327,2010
500,10:52.7,10:52.7,Russian Federation,RUS,68606,"GII: Gender Inequality Index, value",0.314,2013
501,10:52.7,10:52.7,Rwanda,RWA,68606,"GII: Gender Inequality Index, value",0.584,1995
502,10:52.7,10:52.7,Rwanda,RWA,68606,"GII: Gender Inequality Index, value",0.544,2000
503,10:52.7,10:52.7,Rwanda,RWA,68606,"GII: Gender Inequality Index, value",0.472,2005
504,10:52.7,10:52.7,Rwanda,RWA,68606,"GII: Gender Inequality Index, value",0.428,2010
505,10:52.7,10:52.7,Rwanda,RWA,68606,"GII: Gender Inequality Index, value",0.41,2013
506,10:52.7,10:52.7,Saudi Arabia,SAU,68606,"GII: Gender Inequality Index, value",0.685,2005
507,10:52.7,10:52.7,Saudi Arabia,SAU,68606,"GII: Gender Inequality Index, value",0.656,2010
508,10:52.7,10:52.7,Saudi Arabia,SAU,68606,"GII: Gender Inequality Index, value",0.321,2013
509,10:52.7,10:52.7,Sudan,SDN,68606,"GII: Gender Inequality Index, value",0.734,1995
510,10:52.7,10:52.7,Sudan,SDN,68606,"GII: Gender Inequality Index, value",0.68,2005
511,10:52.7,10:52.7,Sudan,SDN,68606,"GII: Gender Inequality Index, value",0.641,2010
512,10:52.7,10:52.7,Sudan,SDN,68606,"GII: Gender Inequality Index, value",0.628,2013
513,10:52.7,10:52.7,Senegal,SEN,68606,"GII: Gender Inequality Index, value",0.647,1995
514,10:52.7,10:52.7,Senegal,SEN,68606,"GII: Gender Inequality Index, value",0.621,2000
515,10:52.7,10:52.7,Senegal,SEN,68606,"GII: Gender Inequality Index, value",0.592,2005
516,10:52.7,10:52.7,Senegal,SEN,68606,"GII: Gender Inequality Index, value",0.554,2010
517,10:52.7,10:52.7,Senegal,SEN,68606,"GII: Gender Inequality Index, value",0.537,2013
518,10:52.7,10:52.7,Singapore,SGP,68606,"GII: Gender Inequality Index, value",0.237,1995
519,10:52.7,10:52.7,Singapore,SGP,68606,"GII: Gender Inequality Index, value",0.137,2005
520,10:52.7,10:52.7,Singapore,SGP,68606,"GII: Gender Inequality Index, value",0.094,2010
521,10:52.7,10:52.7,Singapore,SGP,68606,"GII: Gender Inequality Index, value",0.09,2013
522,10:52.7,10:52.7,Sierra Leone,SLE,68606,"GII: Gender Inequality Index, value",0.658,2005
523,10:52.7,10:52.7,Sierra Leone,SLE,68606,"GII: Gender Inequality Index, value",0.649,2010
524,10:52.7,10:52.7,Sierra Leone,SLE,68606,"GII: Gender Inequality Index, value",0.643,2013
525,10:52.7,10:52.7,El Salvador,SLV,68606,"GII: Gender Inequality Index, value",0.543,1995
526,10:52.7,10:52.7,El Salvador,SLV,68606,"GII: Gender Inequality Index, value",0.517,2005
527,10:52.7,10:52.7,El Salvador,SLV,68606,"GII: Gender Inequality Index, value",0.466,2010
528,10:52.7,10:52.7,El Salvador,SLV,68606,"GII: Gender Inequality Index, value",0.441,2013
529,10:52.7,10:52.7,Suriname,SUR,68606,"GII: Gender Inequality Index, value",0.463,2013
530,10:52.7,10:52.7,Slovakia,SVK,68606,"GII: Gender Inequality Index, value",0.271,1995
531,10:52.7,10:52.7,Slovakia,SVK,68606,"GII: Gender Inequality Index, value",0.249,2000
532,10:52.7,10:52.7,Slovakia,SVK,68606,"GII: Gender Inequality Index, value",0.195,2005
533,10:52.7,10:52.7,Slovakia,SVK,68606,"GII: Gender Inequality Index, value",0.195,2010
534,10:52.7,10:52.7,Slovakia,SVK,68606,"GII: Gender Inequality Index, value",0.164,2013
535,10:52.7,10:52.7,Slovenia,SVN,68606,"GII: Gender Inequality Index, value",0.222,1995
536,10:52.7,10:52.7,Slovenia,SVN,68606,"GII: Gender Inequality Index, value",0.141,2005
537,10:52.7,10:52.7,Slovenia,SVN,68606,"GII: Gender Inequality Index, value",0.131,2010
538,10:52.7,10:52.7,Slovenia,SVN,68606,"GII: Gender Inequality Index, value",0.021,2013
539,10:52.7,10:52.7,Sweden,SWE,68606,"GII: Gender Inequality Index, value",0.09,1995
540,10:52.7,10:52.7,Sweden,SWE,68606,"GII: Gender Inequality Index, value",0.062,2000
541,10:52.7,10:52.7,Sweden,SWE,68606,"GII: Gender Inequality Index, value",0.053,2005
542,10:52.7,10:52.7,Sweden,SWE,68606,"GII: Gender Inequality Index, value",0.05,2010
543,10:52.7,10:52.7,Sweden,SWE,68606,"GII: Gender Inequality Index, value",0.054,2013
544,10:52.7,10:52.7,Swaziland,SWZ,68606,"GII: Gender Inequality Index, value",0.593,1995
545,10:52.7,10:52.7,Swaziland,SWZ,68606,"GII: Gender Inequality Index, value",0.613,2000
546,10:52.7,10:52.7,Swaziland,SWZ,68606,"GII: Gender Inequality Index, value",0.577,2005
547,10:52.7,10:52.7,Swaziland,SWZ,68606,"GII: Gender Inequality Index, value",0.542,2010
548,10:52.7,10:52.7,Swaziland,SWZ,68606,"GII: Gender Inequality Index, value",0.529,2013
549,10:52.7,10:52.7,Syrian Arab Republic,SYR,68606,"GII: Gender Inequality Index, value",0.597,1995
550,10:52.7,10:52.7,Syrian Arab Republic,SYR,68606,"GII: Gender Inequality Index, value",0.561,2005
551,10:52.7,10:52.7,Syrian Arab Republic,SYR,68606,"GII: Gender Inequality Index, value",0.546,2010
552,10:52.7,10:52.7,Syrian Arab Republic,SYR,68606,"GII: Gender Inequality Index, value",0.556,2013
553,10:52.7,10:52.7,Chad,TCD,68606,"GII: Gender Inequality Index, value",0.707,2013
554,10:52.7,10:52.7,Togo,TGO,68606,"GII: Gender Inequality Index, value",0.742,1995
555,10:52.7,10:52.7,Togo,TGO,68606,"GII: Gender Inequality Index, value",0.629,2005
556,10:52.7,10:52.7,Togo,TGO,68606,"GII: Gender Inequality Index, value",0.595,2010
557,10:52.7,10:52.7,Togo,TGO,68606,"GII: Gender Inequality Index, value",0.579,2013
558,10:52.7,10:52.7,Thailand,THA,68606,"GII: Gender Inequality Index, value",0.457,1995
559,10:52.7,10:52.7,Thailand,THA,68606,"GII: Gender Inequality Index, value",0.458,2000
560,10:52.7,10:52.7,Thailand,THA,68606,"GII: Gender Inequality Index, value",0.405,2005
561,10:52.7,10:52.7,Thailand,THA,68606,"GII: Gender Inequality Index, value",0.379,2010
562,10:52.7,10:52.7,Thailand,THA,68606,"GII: Gender Inequality Index, value",0.364,2013
563,10:52.7,10:52.7,Tajikistan,TJK,68606,"GII: Gender Inequality Index, value",0.571,1995
564,10:52.7,10:52.7,Tajikistan,TJK,68606,"GII: Gender Inequality Index, value",0.452,2000
565,10:52.7,10:52.7,Tajikistan,TJK,68606,"GII: Gender Inequality Index, value",0.385,2005
566,10:52.7,10:52.7,Tajikistan,TJK,68606,"GII: Gender Inequality Index, value",0.38,2010
567,10:52.7,10:52.7,Tajikistan,TJK,68606,"GII: Gender Inequality Index, value",0.383,2013
568,10:52.7,10:52.7,Tonga,TON,68606,"GII: Gender Inequality Index, value",0.664,2000
569,10:52.7,10:52.7,Tonga,TON,68606,"GII: Gender Inequality Index, value",0.468,2005
570,10:52.7,10:52.7,Tonga,TON,68606,"GII: Gender Inequality Index, value",0.476,2010
571,10:52.7,10:52.7,Tonga,TON,68606,"GII: Gender Inequality Index, value",0.458,2013
572,10:52.7,10:52.7,Trinidad and Tobago,TTO,68606,"GII: Gender Inequality Index, value",0.437,1995
573,10:52.7,10:52.7,Trinidad and Tobago,TTO,68606,"GII: Gender Inequality Index, value",0.349,2005
574,10:52.7,10:52.7,Trinidad and Tobago,TTO,68606,"GII: Gender Inequality Index, value",0.325,2010
575,10:52.7,10:52.7,Trinidad and Tobago,TTO,68606,"GII: Gender Inequality Index, value",0.321,2013
576,10:52.7,10:52.7,Tunisia,TUN,68606,"GII: Gender Inequality Index, value",0.475,1995
577,10:52.7,10:52.7,Tunisia,TUN,68606,"GII: Gender Inequality Index, value",0.335,2005
578,10:52.7,10:52.7,Tunisia,TUN,68606,"GII: Gender Inequality Index, value",0.265,2013
579,10:52.7,10:52.7,Turkey,TUR,68606,"GII: Gender Inequality Index, value",0.599,1995
580,10:52.7,10:52.7,Turkey,TUR,68606,"GII: Gender Inequality Index, value",0.518,2005
581,10:52.7,10:52.7,Turkey,TUR,68606,"GII: Gender Inequality Index, value",0.42,2010
582,10:52.7,10:52.7,Turkey,TUR,68606,"GII: Gender Inequality Index, value",0.36,2013
583,10:52.7,10:52.7,Tanzania (United Republic of),TZA,68606,"GII: Gender Inequality Index, value",0.646,1995
584,10:52.7,10:52.7,Tanzania (United Republic of),TZA,68606,"GII: Gender Inequality Index, value",0.585,2005
585,10:52.7,10:52.7,Tanzania (United Republic of),TZA,68606,"GII: Gender Inequality Index, value",0.556,2010
586,10:52.7,10:52.7,Tanzania (United Republic of),TZA,68606,"GII: Gender Inequality Index, value",0.553,2013
587,10:52.7,10:52.7,Uganda,UGA,68606,"GII: Gender Inequality Index, value",0.642,1995
588,10:52.7,10:52.7,Uganda,UGA,68606,"GII: Gender Inequality Index, value",0.634,2000
589,10:52.7,10:52.7,Uganda,UGA,68606,"GII: Gender Inequality Index, value",0.597,2005
590,10:52.7,10:52.7,Uganda,UGA,68606,"GII: Gender Inequality Index, value",0.529,2013
591,10:52.7,10:52.7,Ukraine,UKR,68606,"GII: Gender Inequality Index, value",0.472,1995
592,10:52.7,10:52.7,Ukraine,UKR,68606,"GII: Gender Inequality Index, value",0.357,2005
593,10:52.7,10:52.7,Ukraine,UKR,68606,"GII: Gender Inequality Index, value",0.351,2010
594,10:52.7,10:52.7,Ukraine,UKR,68606,"GII: Gender Inequality Index, value",0.326,2013
595,10:52.7,10:52.7,Uruguay,URY,68606,"GII: Gender Inequality Index, value",0.454,1995
596,10:52.7,10:52.7,Uruguay,URY,68606,"GII: Gender Inequality Index, value",0.403,2000
597,10:52.7,10:52.7,Uruguay,URY,68606,"GII: Gender Inequality Index, value",0.386,2005
598,10:52.7,10:52.7,Uruguay,URY,68606,"GII: Gender Inequality Index, value",0.357,2010
599,10:52.7,10:52.7,Uruguay,URY,68606,"GII: Gender Inequality Index, value",0.364,2013
600,10:52.7,10:52.7,United States,USA,68606,"GII: Gender Inequality Index, value",0.303,1995
601,10:52.7,10:52.7,United States,USA,68606,"GII: Gender Inequality Index, value",0.288,2005
602,10:52.7,10:52.7,United States,USA,68606,"GII: Gender Inequality Index, value",0.285,2010
603,10:52.7,10:52.7,United States,USA,68606,"GII: Gender Inequality Index, value",0.262,2013
604,10:52.7,10:52.7,Venezuela (Bolivarian Republic of),VEN,68606,"GII: Gender Inequality Index, value",0.556,1995
605,10:52.7,10:52.7,Venezuela (Bolivarian Republic of),VEN,68606,"GII: Gender Inequality Index, value",0.474,2005
606,10:52.7,10:52.7,Venezuela (Bolivarian Republic of),VEN,68606,"GII: Gender Inequality Index, value",0.469,2010
607,10:52.7,10:52.7,Venezuela (Bolivarian Republic of),VEN,68606,"GII: Gender Inequality Index, value",0.464,2013
608,10:52.7,10:52.7,Vietnam,VNM,68606,"GII: Gender Inequality Index, value",0.413,1995
609,10:52.7,10:52.7,Vietnam,VNM,68606,"GII: Gender Inequality Index, value",0.363,2000
610,10:52.7,10:52.7,Vietnam,VNM,68606,"GII: Gender Inequality Index, value",0.332,2005
611,10:52.7,10:52.7,Vietnam,VNM,68606,"GII: Gender Inequality Index, value",0.329,2010
612,10:52.7,10:52.7,Vietnam,VNM,68606,"GII: Gender Inequality Index, value",0.322,2013
613,10:52.7,10:52.7,Samoa,WSM,68606,"GII: Gender Inequality Index, value",0.517,2013
614,10:52.7,10:52.7,Yemen,YEM,68606,"GII: Gender Inequality Index, value",0.885,1995
615,10:52.7,10:52.7,Yemen,YEM,68606,"GII: Gender Inequality Index, value",0.814,2000
616,10:52.7,10:52.7,Yemen,YEM,68606,"GII: Gender Inequality Index, value",0.778,2005
617,10:52.7,10:52.7,Yemen,YEM,68606,"GII: Gender Inequality Index, value",0.743,2010
618,10:52.7,10:52.7,Yemen,YEM,68606,"GII: Gender Inequality Index, value",0.733,2013
619,10:52.7,10:52.7,South Africa,ZAF,68606,"GII: Gender Inequality Index, value",0.525,1995
620,10:52.7,10:52.7,South Africa,ZAF,68606,"GII: Gender Inequality Index, value",0.513,2000
621,10:52.7,10:52.7,South Africa,ZAF,68606,"GII: Gender Inequality Index, value",0.507,2005
622,10:52.7,10:52.7,South Africa,ZAF,68606,"GII: Gender Inequality Index, value",0.47,2010
623,10:52.7,10:52.7,South Africa,ZAF,68606,"GII: Gender Inequality Index, value",0.461,2013
624,10:52.7,10:52.7,Zambia,ZMB,68606,"GII: Gender Inequality Index, value",0.616,1995
625,10:52.7,10:52.7,Zambia,ZMB,68606,"GII: Gender Inequality Index, value",0.635,2005
626,10:52.7,10:52.7,Zambia,ZMB,68606,"GII: Gender Inequality Index, value",0.614,2010
627,10:52.7,10:52.7,Zambia,ZMB,68606,"GII: Gender Inequality Index, value",0.617,2013
628,10:52.7,10:52.7,Zimbabwe,ZWE,68606,"GII: Gender Inequality Index, value",0.608,1995
629,10:52.7,10:52.7,Zimbabwe,ZWE,68606,"GII: Gender Inequality Index, value",0.576,2005
630,10:52.7,10:52.7,Zimbabwe,ZWE,68606,"GII: Gender Inequality Index, value",0.562,2010
631,10:52.7,10:52.7,Zimbabwe,ZWE,68606,"GII: Gender Inequality Index, value",0.516,2013